id,type,num_cores,voltages_frequencies,ISL,capacitance,powerIdle,battery_capacity,battery_now,error_rate,acceptableTasks,handleSafeTask,maxQueue,name
0,iot,4,"[[(80000000.0, 4.0), (20000000.0, 2.3), (40000000.0, 2.7)], [(20000000.0, 2.3), (10000000.0, 1.8), (80000000.0, 4.0)], [(10000000.0, 1.8), (40000000.0, 2.7), (20000000.0, 2.3)], [(40000000.0, 2.7), (10000000.0, 1.8), (80000000.0, 4.0)]]",0.1419667961964389,"[2.6773684187198633e-10, 2.050403020777811e-10, 2.914839668344813e-10, 2.3887037837565764e-10]","[0.0009, 0.0007999999999999999, 0.001, 0.0007999999999999999]",37709921.120456904,100,0.035944983519873165,"[3, 2, 4]",1,5,iot0
1,iot,16,"[[(10000000.0, 1.8), (40000000.0, 2.7), (80000000.0, 4.0)], [(10000000.0, 1.8), (80000000.0, 4.0), (20000000.0, 2.3)], [(160000000.0, 5.0), (20000000.0, 2.3), (40000000.0, 2.7)], [(20000000.0, 2.3), (80000000.0, 4.0), (40000000.0, 2.7)], [(10000000.0, 1.8), (160000000.0, 5.0), (40000000.0, 2.7)], [(20000000.0, 2.3), (40000000.0, 2.7), (80000000.0, 4.0)], [(40000000.0, 2.7), (80000000.0, 4.0), (10000000.0, 1.8)], [(40000000.0, 2.7), (10000000.0, 1.8), (160000000.0, 5.0)], [(80000000.0, 4.0), (40000000.0, 2.7), (10000000.0, 1.8)], [(160000000.0, 5.0), (40000000.0, 2.7), (20000000.0, 2.3)], [(10000000.0, 1.8), (40000000.0, 2.7), (20000000.0, 2.3)], [(20000000.0, 2.3), (80000000.0, 4.0), (10000000.0, 1.8)], [(40000000.0, 2.7), (160000000.0, 5.0), (20000000.0, 2.3)], [(160000000.0, 5.0), (10000000.0, 1.8), (80000000.0, 4.0)], [(40000000.0, 2.7), (160000000.0, 5.0), (80000000.0, 4.0)], [(20000000.0, 2.3), (10000000.0, 1.8), (80000000.0, 4.0)]]",0.1578888387645964,"[2.972676423817807e-10, 2.679859052090973e-10, 2.0870973754943447e-10, 2.328185652442292e-10, 2.2810165391650693e-10, 2.908597123419333e-10, 2.4381600251838297e-10, 2.6724981072284756e-10, 2.93869434249151e-10, 2.0647787096766108e-10, 2.831737744378081e-10, 2.1333992376255348e-10, 2.878610090596686e-10, 2.225048416810074e-10, 2.0043305239447817e-10, 2.299869346971164e-10]","[0.0009, 0.0009, 0.0009, 0.001, 0.001, 0.0007999999999999999, 0.0007999999999999999, 0.001, 0.001, 0.001, 0.0007999999999999999, 0.001, 0.0009, 0.001, 0.0009, 0.0009]",40480037.690888494,100,0.05769685508290379,"[3, 1, 2]",1,5,iot1
2,iot,8,"[[(20000000.0, 2.3), (160000000.0, 5.0), (10000000.0, 1.8)], [(160000000.0, 5.0), (40000000.0, 2.7), (80000000.0, 4.0)], [(160000000.0, 5.0), (40000000.0, 2.7), (80000000.0, 4.0)], [(160000000.0, 5.0), (10000000.0, 1.8), (20000000.0, 2.3)], [(10000000.0, 1.8), (40000000.0, 2.7), (160000000.0, 5.0)], [(10000000.0, 1.8), (80000000.0, 4.0), (20000000.0, 2.3)], [(20000000.0, 2.3), (10000000.0, 1.8), (40000000.0, 2.7)], [(20000000.0, 2.3), (80000000.0, 4.0), (10000000.0, 1.8)]]",0.1773373241142665,"[2.513963604008314e-10, 2.605865975919369e-10, 2.1461294457492665e-10, 2.2696227710370826e-10, 2.0056980039662837e-10, 2.3574755855924015e-10, 2.452276150233835e-10, 2.919322460046814e-10]","[0.001, 0.001, 0.001, 0.001, 0.0009, 0.001, 0.0007999999999999999, 0.001]",40310538.37298758,100,0.058225507158289024,"[1, 4, 2]",1,5,iot2
3,iot,8,"[[(20000000.0, 2.3), (80000000.0, 4.0), (40000000.0, 2.7)], [(160000000.0, 5.0), (80000000.0, 4.0), (10000000.0, 1.8)], [(160000000.0, 5.0), (80000000.0, 4.0), (10000000.0, 1.8)], [(20000000.0, 2.3), (10000000.0, 1.8), (40000000.0, 2.7)], [(40000000.0, 2.7), (160000000.0, 5.0), (20000000.0, 2.3)], [(40000000.0, 2.7), (80000000.0, 4.0), (20000000.0, 2.3)], [(20000000.0, 2.3), (80000000.0, 4.0), (40000000.0, 2.7)], [(80000000.0, 4.0), (160000000.0, 5.0), (20000000.0, 2.3)]]",0.15487013943562766,"[2.9994865817884547e-10, 2.785199230546901e-10, 2.6059649533427347e-10, 2.378567027646444e-10, 2.191842301200385e-10, 2.1105040684919926e-10, 2.7770142639681365e-10, 2.868412096697339e-10]","[0.0009, 0.0007999999999999999, 0.001, 0.0009, 0.0009, 0.0007999999999999999, 0.0009, 0.001]",40151936.02816935,100,0.050369367858685246,"[2, 1, 3]",1,5,iot3
4,iot,8,"[[(10000000.0, 1.8), (160000000.0, 5.0), (80000000.0, 4.0)], [(160000000.0, 5.0), (10000000.0, 1.8), (40000000.0, 2.7)], [(20000000.0, 2.3), (160000000.0, 5.0), (80000000.0, 4.0)], [(10000000.0, 1.8), (40000000.0, 2.7), (160000000.0, 5.0)], [(160000000.0, 5.0), (20000000.0, 2.3), (80000000.0, 4.0)], [(20000000.0, 2.3), (160000000.0, 5.0), (10000000.0, 1.8)], [(20000000.0, 2.3), (40000000.0, 2.7), (10000000.0, 1.8)], [(80000000.0, 4.0), (20000000.0, 2.3), (10000000.0, 1.8)]]",0.11514676180024715,"[2.1934228250869835e-10, 2.7200759012684597e-10, 2.085316581681408e-10, 2.2310257814368744e-10, 2.277243311626378e-10, 2.3222407778184498e-10, 2.786629559448589e-10, 2.8022319786640623e-10]","[0.001, 0.0007999999999999999, 0.001, 0.0009, 0.0009, 0.0009, 0.0009, 0.0009]",38876777.41872433,100,0.012565982324003468,"[2, 4, 3]",1,5,iot4
5,iot,16,"[[(20000000.0, 2.3), (40000000.0, 2.7), (10000000.0, 1.8)], [(80000000.0, 4.0), (40000000.0, 2.7), (160000000.0, 5.0)], [(10000000.0, 1.8), (160000000.0, 5.0), (40000000.0, 2.7)], [(10000000.0, 1.8), (40000000.0, 2.7), (80000000.0, 4.0)], [(40000000.0, 2.7), (160000000.0, 5.0), (20000000.0, 2.3)], [(80000000.0, 4.0), (20000000.0, 2.3), (40000000.0, 2.7)], [(10000000.0, 1.8), (40000000.0, 2.7), (160000000.0, 5.0)], [(160000000.0, 5.0), (10000000.0, 1.8), (80000000.0, 4.0)], [(40000000.0, 2.7), (160000000.0, 5.0), (80000000.0, 4.0)], [(20000000.0, 2.3), (160000000.0, 5.0), (10000000.0, 1.8)], [(80000000.0, 4.0), (40000000.0, 2.7), (10000000.0, 1.8)], [(10000000.0, 1.8), (160000000.0, 5.0), (20000000.0, 2.3)], [(80000000.0, 4.0), (160000000.0, 5.0), (40000000.0, 2.7)], [(80000000.0, 4.0), (20000000.0, 2.3), (160000000.0, 5.0)], [(10000000.0, 1.8), (40000000.0, 2.7), (20000000.0, 2.3)], [(80000000.0, 4.0), (10000000.0, 1.8), (40000000.0, 2.7)]]",0.12901897090102918,"[2.3955864583837827e-10, 2.5870634772363716e-10, 2.9926395293847147e-10, 2.362583971474026e-10, 2.5139556024463453e-10, 2.875891103419414e-10, 2.181956547571208e-10, 2.392903846873394e-10, 2.2672099658479638e-10, 2.1473962452651668e-10, 2.483435844988296e-10, 2.8502144600342606e-10, 2.6731328731741383e-10, 2.5153669410992125e-10, 2.7964905073418526e-10, 2.7056423822838056e-10]","[0.0009, 0.0009, 0.0009, 0.001, 0.0009, 0.0009, 0.001, 0.001, 0.0007999999999999999, 0.0009, 0.0009, 0.0007999999999999999, 0.0007999999999999999, 0.0009, 0.001, 0.0007999999999999999]",40734525.06200489,100,0.03851178751766697,"[2, 3, 1]",1,5,iot5
6,iot,4,"[[(10000000.0, 1.8), (20000000.0, 2.3), (160000000.0, 5.0)], [(80000000.0, 4.0), (20000000.0, 2.3), (160000000.0, 5.0)], [(20000000.0, 2.3), (80000000.0, 4.0), (160000000.0, 5.0)], [(10000000.0, 1.8), (80000000.0, 4.0), (40000000.0, 2.7)]]",0.1412629342847075,"[2.2552404381955825e-10, 2.7442843830427337e-10, 2.1922526239227755e-10, 2.450236502044527e-10]","[0.001, 0.0007999999999999999, 0.0009, 0.0007999999999999999]",36354939.177939475,100,0.020332450703640006,"[1, 3, 4]",1,5,iot6
7,iot,16,"[[(80000000.0, 4.0), (20000000.0, 2.3), (160000000.0, 5.0)], [(40000000.0, 2.7), (80000000.0, 4.0), (10000000.0, 1.8)], [(10000000.0, 1.8), (20000000.0, 2.3), (40000000.0, 2.7)], [(10000000.0, 1.8), (20000000.0, 2.3), (160000000.0, 5.0)], [(80000000.0, 4.0), (40000000.0, 2.7), (20000000.0, 2.3)], [(40000000.0, 2.7), (10000000.0, 1.8), (20000000.0, 2.3)], [(160000000.0, 5.0), (40000000.0, 2.7), (80000000.0, 4.0)], [(10000000.0, 1.8), (40000000.0, 2.7), (20000000.0, 2.3)], [(20000000.0, 2.3), (80000000.0, 4.0), (40000000.0, 2.7)], [(40000000.0, 2.7), (10000000.0, 1.8), (80000000.0, 4.0)], [(20000000.0, 2.3), (80000000.0, 4.0), (40000000.0, 2.7)], [(10000000.0, 1.8), (80000000.0, 4.0), (160000000.0, 5.0)], [(20000000.0, 2.3), (160000000.0, 5.0), (80000000.0, 4.0)], [(10000000.0, 1.8), (80000000.0, 4.0), (40000000.0, 2.7)], [(20000000.0, 2.3), (80000000.0, 4.0), (10000000.0, 1.8)], [(20000000.0, 2.3), (80000000.0, 4.0), (160000000.0, 5.0)]]",0.17436984602789626,"[2.7134276660331997e-10, 2.006788513718038e-10, 2.1145742524581708e-10, 2.1920962901226652e-10, 2.0945550179871725e-10, 2.1266384383518014e-10, 2.4308713773935454e-10, 2.5239444966492404e-10, 2.141124797348836e-10, 2.0713454511246355e-10, 2.2142183119957518e-10, 2.6724639369224674e-10, 2.513534671028956e-10, 2.1582137683097825e-10, 2.82108055097179e-10, 2.828152568672811e-10]","[0.001, 0.001, 0.0007999999999999999, 0.0009, 0.0007999999999999999, 0.0007999999999999999, 0.0009, 0.001, 0.0007999999999999999, 0.001, 0.001, 0.0007999999999999999, 0.001, 0.001, 0.0007999999999999999, 0.0009]",37029665.688817546,100,0.015450091520752914,"[3, 4, 1]",0,5,iot7
8,iot,8,"[[(160000000.0, 5.0), (80000000.0, 4.0), (40000000.0, 2.7)], [(10000000.0, 1.8), (80000000.0, 4.0), (20000000.0, 2.3)], [(80000000.0, 4.0), (160000000.0, 5.0), (40000000.0, 2.7)], [(10000000.0, 1.8), (40000000.0, 2.7), (20000000.0, 2.3)], [(10000000.0, 1.8), (160000000.0, 5.0), (40000000.0, 2.7)], [(40000000.0, 2.7), (10000000.0, 1.8), (160000000.0, 5.0)], [(80000000.0, 4.0), (40000000.0, 2.7), (160000000.0, 5.0)], [(40000000.0, 2.7), (20000000.0, 2.3), (10000000.0, 1.8)]]",0.19441364366922195,"[2.423055940394773e-10, 2.445253436938667e-10, 2.3655898018312917e-10, 2.827477029674523e-10, 2.867653924964079e-10, 2.557133807149785e-10, 2.576426486742336e-10, 2.180931511493625e-10]","[0.001, 0.0009, 0.0009, 0.0009, 0.0007999999999999999, 0.0009, 0.0007999999999999999, 0.001]",36135481.44761002,100,0.037376237331982864,"[2, 1, 3]",0,5,iot8
9,iot,8,"[[(80000000.0, 4.0), (160000000.0, 5.0), (10000000.0, 1.8)], [(40000000.0, 2.7), (10000000.0, 1.8), (20000000.0, 2.3)], [(40000000.0, 2.7), (10000000.0, 1.8), (20000000.0, 2.3)], [(10000000.0, 1.8), (20000000.0, 2.3), (80000000.0, 4.0)], [(40000000.0, 2.7), (10000000.0, 1.8), (80000000.0, 4.0)], [(160000000.0, 5.0), (80000000.0, 4.0), (20000000.0, 2.3)], [(40000000.0, 2.7), (80000000.0, 4.0), (160000000.0, 5.0)], [(160000000.0, 5.0), (40000000.0, 2.7), (20000000.0, 2.3)]]",0.12376529506572391,"[2.213536890594718e-10, 2.7400579468724074e-10, 2.341663671537207e-10, 2.6678587951791466e-10, 2.1299194087864465e-10, 2.5701326543349764e-10, 2.0562729714273482e-10, 2.2455730315959036e-10]","[0.001, 0.0007999999999999999, 0.0007999999999999999, 0.0007999999999999999, 0.0009, 0.001, 0.001, 0.001]",36406291.392571144,100,0.04164933524824855,"[3, 4, 2]",1,5,iot9
10,iot,8,"[[(80000000.0, 4.0), (20000000.0, 2.3), (10000000.0, 1.8)], [(10000000.0, 1.8), (160000000.0, 5.0), (40000000.0, 2.7)], [(40000000.0, 2.7), (160000000.0, 5.0), (10000000.0, 1.8)], [(80000000.0, 4.0), (40000000.0, 2.7), (160000000.0, 5.0)], [(10000000.0, 1.8), (40000000.0, 2.7), (20000000.0, 2.3)], [(40000000.0, 2.7), (160000000.0, 5.0), (20000000.0, 2.3)], [(160000000.0, 5.0), (80000000.0, 4.0), (20000000.0, 2.3)], [(80000000.0, 4.0), (160000000.0, 5.0), (10000000.0, 1.8)]]",0.15862868027557261,"[2.9042347710216014e-10, 2.6759165298830035e-10, 2.787817681523148e-10, 2.2383599368005479e-10, 2.2466719976804873e-10, 2.1560315426078048e-10, 2.503537202006477e-10, 2.6410138787840005e-10]","[0.001, 0.0009, 0.0009, 0.001, 0.001, 0.0009, 0.0009, 0.0009]",36967249.00742441,100,0.018677608392955132,"[1, 4, 2]",1,5,iot10
11,iot,16,"[[(40000000.0, 2.7), (160000000.0, 5.0), (20000000.0, 2.3)], [(160000000.0, 5.0), (40000000.0, 2.7), (20000000.0, 2.3)], [(20000000.0, 2.3), (160000000.0, 5.0), (10000000.0, 1.8)], [(80000000.0, 4.0), (40000000.0, 2.7), (20000000.0, 2.3)], [(40000000.0, 2.7), (80000000.0, 4.0), (160000000.0, 5.0)], [(20000000.0, 2.3), (80000000.0, 4.0), (160000000.0, 5.0)], [(10000000.0, 1.8), (160000000.0, 5.0), (20000000.0, 2.3)], [(10000000.0, 1.8), (160000000.0, 5.0), (80000000.0, 4.0)], [(10000000.0, 1.8), (20000000.0, 2.3), (160000000.0, 5.0)], [(20000000.0, 2.3), (10000000.0, 1.8), (160000000.0, 5.0)], [(10000000.0, 1.8), (80000000.0, 4.0), (20000000.0, 2.3)], [(10000000.0, 1.8), (160000000.0, 5.0), (40000000.0, 2.7)], [(20000000.0, 2.3), (10000000.0, 1.8), (160000000.0, 5.0)], [(40000000.0, 2.7), (160000000.0, 5.0), (10000000.0, 1.8)], [(40000000.0, 2.7), (160000000.0, 5.0), (80000000.0, 4.0)], [(80000000.0, 4.0), (10000000.0, 1.8), (20000000.0, 2.3)]]",0.1974277640062098,"[2.2627970837724893e-10, 2.4808878808293315e-10, 2.624680497709656e-10, 2.8070907780538695e-10, 2.2677331926416506e-10, 2.3529561893278764e-10, 2.891994073989002e-10, 2.4026770311697374e-10, 2.7682456079607074e-10, 2.83595257756488e-10, 2.407238564672863e-10, 2.0648149980772924e-10, 2.1569048048667244e-10, 2.453779047958093e-10, 2.796110025810246e-10, 2.966630765459661e-10]","[0.0009, 0.0007999999999999999, 0.0007999999999999999, 0.001, 0.0009, 0.0007999999999999999, 0.0007999999999999999, 0.001, 0.001, 0.0007999999999999999, 0.001, 0.001, 0.0009, 0.0007999999999999999, 0.001, 0.0009]",39168756.27655882,100,0.05089666614229911,"[3, 1, 4]",1,5,iot11
12,iot,4,"[[(20000000.0, 2.3), (40000000.0, 2.7), (160000000.0, 5.0)], [(80000000.0, 4.0), (160000000.0, 5.0), (40000000.0, 2.7)], [(40000000.0, 2.7), (20000000.0, 2.3), (10000000.0, 1.8)], [(40000000.0, 2.7), (160000000.0, 5.0), (10000000.0, 1.8)]]",0.13777793835743912,"[2.668773477684416e-10, 2.5225807332382667e-10, 2.2890166065508898e-10, 2.7078056687183797e-10]","[0.001, 0.0009, 0.0009, 0.001]",40261837.20391826,100,0.03705395997463919,"[1, 2, 3]",1,5,iot12
13,iot,16,"[[(20000000.0, 2.3), (40000000.0, 2.7), (10000000.0, 1.8)], [(20000000.0, 2.3), (40000000.0, 2.7), (10000000.0, 1.8)], [(80000000.0, 4.0), (40000000.0, 2.7), (10000000.0, 1.8)], [(20000000.0, 2.3), (40000000.0, 2.7), (10000000.0, 1.8)], [(10000000.0, 1.8), (40000000.0, 2.7), (160000000.0, 5.0)], [(40000000.0, 2.7), (80000000.0, 4.0), (160000000.0, 5.0)], [(160000000.0, 5.0), (10000000.0, 1.8), (20000000.0, 2.3)], [(160000000.0, 5.0), (10000000.0, 1.8), (20000000.0, 2.3)], [(10000000.0, 1.8), (40000000.0, 2.7), (160000000.0, 5.0)], [(20000000.0, 2.3), (40000000.0, 2.7), (80000000.0, 4.0)], [(160000000.0, 5.0), (80000000.0, 4.0), (10000000.0, 1.8)], [(160000000.0, 5.0), (20000000.0, 2.3), (10000000.0, 1.8)], [(40000000.0, 2.7), (80000000.0, 4.0), (10000000.0, 1.8)], [(10000000.0, 1.8), (80000000.0, 4.0), (40000000.0, 2.7)], [(10000000.0, 1.8), (80000000.0, 4.0), (160000000.0, 5.0)], [(80000000.0, 4.0), (40000000.0, 2.7), (20000000.0, 2.3)]]",0.1752185574439535,"[2.349875280404767e-10, 2.4643894039133223e-10, 2.4191627634622655e-10, 2.4560398208856033e-10, 2.607839965200031e-10, 2.8071381198875423e-10, 2.3109842825424446e-10, 2.7547535766675523e-10, 2.7915949327854447e-10, 2.583144637677024e-10, 2.2159623215288563e-10, 2.311110913379207e-10, 2.556343176938109e-10, 2.0579275999830308e-10, 2.443874292660625e-10, 2.9648490937529666e-10]","[0.0009, 0.0009, 0.0009, 0.001, 0.0007999999999999999, 0.001, 0.001, 0.001, 0.0009, 0.0009, 0.0009, 0.001, 0.0009, 0.0007999999999999999, 0.0007999999999999999, 0.0009]",37189581.67030876,100,0.030049290252473798,"[1, 2, 3]",1,5,iot13
14,iot,16,"[[(80000000.0, 4.0), (20000000.0, 2.3), (40000000.0, 2.7)], [(80000000.0, 4.0), (20000000.0, 2.3), (40000000.0, 2.7)], [(10000000.0, 1.8), (80000000.0, 4.0), (20000000.0, 2.3)], [(20000000.0, 2.3), (160000000.0, 5.0), (40000000.0, 2.7)], [(10000000.0, 1.8), (40000000.0, 2.7), (80000000.0, 4.0)], [(80000000.0, 4.0), (160000000.0, 5.0), (10000000.0, 1.8)], [(20000000.0, 2.3), (10000000.0, 1.8), (80000000.0, 4.0)], [(80000000.0, 4.0), (10000000.0, 1.8), (160000000.0, 5.0)], [(40000000.0, 2.7), (20000000.0, 2.3), (160000000.0, 5.0)], [(20000000.0, 2.3), (80000000.0, 4.0), (10000000.0, 1.8)], [(40000000.0, 2.7), (80000000.0, 4.0), (20000000.0, 2.3)], [(20000000.0, 2.3), (40000000.0, 2.7), (80000000.0, 4.0)], [(160000000.0, 5.0), (80000000.0, 4.0), (20000000.0, 2.3)], [(10000000.0, 1.8), (160000000.0, 5.0), (80000000.0, 4.0)], [(10000000.0, 1.8), (160000000.0, 5.0), (80000000.0, 4.0)], [(160000000.0, 5.0), (10000000.0, 1.8), (40000000.0, 2.7)]]",0.18926886420751554,"[2.1945200702366045e-10, 2.0783153026708125e-10, 2.080804663374206e-10, 2.1625180889216486e-10, 2.68894007611103e-10, 2.106457654978742e-10, 2.8987661675532327e-10, 2.522057226598378e-10, 2.5913261333105566e-10, 2.403250325339139e-10, 2.2265936609783532e-10, 2.2136337731771868e-10, 2.0534542307934362e-10, 2.149556566818494e-10, 2.8215475337829094e-10, 2.739391805348715e-10]","[0.0009, 0.001, 0.001, 0.001, 0.0009, 0.001, 0.0007999999999999999, 0.0007999999999999999, 0.0009, 0.0009, 0.001, 0.001, 0.001, 0.0009, 0.0009, 0.001]",37062574.30268417,100,0.011650921416254354,"[3, 2, 4]",0,5,iot14
15,iot,16,"[[(160000000.0, 5.0), (40000000.0, 2.7), (10000000.0, 1.8)], [(20000000.0, 2.3), (40000000.0, 2.7), (80000000.0, 4.0)], [(160000000.0, 5.0), (20000000.0, 2.3), (10000000.0, 1.8)], [(20000000.0, 2.3), (10000000.0, 1.8), (160000000.0, 5.0)], [(20000000.0, 2.3), (160000000.0, 5.0), (80000000.0, 4.0)], [(80000000.0, 4.0), (160000000.0, 5.0), (40000000.0, 2.7)], [(10000000.0, 1.8), (40000000.0, 2.7), (160000000.0, 5.0)], [(20000000.0, 2.3), (160000000.0, 5.0), (40000000.0, 2.7)], [(10000000.0, 1.8), (40000000.0, 2.7), (20000000.0, 2.3)], [(80000000.0, 4.0), (10000000.0, 1.8), (160000000.0, 5.0)], [(160000000.0, 5.0), (10000000.0, 1.8), (80000000.0, 4.0)], [(40000000.0, 2.7), (80000000.0, 4.0), (10000000.0, 1.8)], [(160000000.0, 5.0), (20000000.0, 2.3), (10000000.0, 1.8)], [(160000000.0, 5.0), (80000000.0, 4.0), (20000000.0, 2.3)], [(40000000.0, 2.7), (10000000.0, 1.8), (80000000.0, 4.0)], [(80000000.0, 4.0), (40000000.0, 2.7), (10000000.0, 1.8)]]",0.17368928025948002,"[2.232134609357841e-10, 2.3140162133242096e-10, 2.433955101097488e-10, 2.856127661873012e-10, 2.6589398552285654e-10, 2.701307440559237e-10, 2.7527906246555684e-10, 2.5370200926562153e-10, 2.1510818142874436e-10, 2.322542277956658e-10, 2.2612568590049408e-10, 2.882786841285613e-10, 2.764300789871663e-10, 2.6149701088406375e-10, 2.8260109048647415e-10, 2.9524625165299434e-10]","[0.0007999999999999999, 0.0009, 0.001, 0.001, 0.0007999999999999999, 0.0009, 0.0009, 0.0007999999999999999, 0.0009, 0.001, 0.001, 0.0007999999999999999, 0.0007999999999999999, 0.0009, 0.0007999999999999999, 0.0007999999999999999]",40998020.82582244,100,0.030528391390168153,"[2, 4, 3]",1,5,iot15
16,iot,8,"[[(10000000.0, 1.8), (80000000.0, 4.0), (20000000.0, 2.3)], [(40000000.0, 2.7), (80000000.0, 4.0), (160000000.0, 5.0)], [(40000000.0, 2.7), (20000000.0, 2.3), (80000000.0, 4.0)], [(80000000.0, 4.0), (40000000.0, 2.7), (20000000.0, 2.3)], [(80000000.0, 4.0), (10000000.0, 1.8), (160000000.0, 5.0)], [(160000000.0, 5.0), (80000000.0, 4.0), (10000000.0, 1.8)], [(40000000.0, 2.7), (10000000.0, 1.8), (160000000.0, 5.0)], [(20000000.0, 2.3), (10000000.0, 1.8), (160000000.0, 5.0)]]",0.16074278087877555,"[2.8302647783701507e-10, 2.741320125709342e-10, 2.4116214672039657e-10, 2.237686614756067e-10, 2.3609881635436203e-10, 2.4035603802087947e-10, 2.389943509285798e-10, 2.4420281176219575e-10]","[0.001, 0.001, 0.0007999999999999999, 0.001, 0.0007999999999999999, 0.0007999999999999999, 0.0007999999999999999, 0.0007999999999999999]",36785226.88764506,100,0.017331751899789728,"[1, 2, 4]",1,5,iot16
17,iot,8,"[[(20000000.0, 2.3), (160000000.0, 5.0), (40000000.0, 2.7)], [(160000000.0, 5.0), (10000000.0, 1.8), (20000000.0, 2.3)], [(10000000.0, 1.8), (160000000.0, 5.0), (40000000.0, 2.7)], [(10000000.0, 1.8), (160000000.0, 5.0), (80000000.0, 4.0)], [(10000000.0, 1.8), (80000000.0, 4.0), (160000000.0, 5.0)], [(80000000.0, 4.0), (20000000.0, 2.3), (40000000.0, 2.7)], [(10000000.0, 1.8), (20000000.0, 2.3), (40000000.0, 2.7)], [(10000000.0, 1.8), (80000000.0, 4.0), (20000000.0, 2.3)]]",0.19506410733142535,"[2.9752836117527273e-10, 2.0788365883194364e-10, 2.465564085908786e-10, 2.5037184008777396e-10, 2.855644637894659e-10, 2.477941881153627e-10, 2.9034633999628975e-10, 2.13231549764975e-10]","[0.0009, 0.001, 0.001, 0.0007999999999999999, 0.0009, 0.001, 0.0009, 0.001]",39790205.0799134,100,0.04285559648643542,"[1, 4, 2]",0,5,iot17
18,iot,16,"[[(10000000.0, 1.8), (160000000.0, 5.0), (80000000.0, 4.0)], [(40000000.0, 2.7), (160000000.0, 5.0), (20000000.0, 2.3)], [(40000000.0, 2.7), (10000000.0, 1.8), (20000000.0, 2.3)], [(20000000.0, 2.3), (40000000.0, 2.7), (160000000.0, 5.0)], [(20000000.0, 2.3), (40000000.0, 2.7), (80000000.0, 4.0)], [(10000000.0, 1.8), (40000000.0, 2.7), (20000000.0, 2.3)], [(10000000.0, 1.8), (80000000.0, 4.0), (160000000.0, 5.0)], [(20000000.0, 2.3), (10000000.0, 1.8), (40000000.0, 2.7)], [(40000000.0, 2.7), (10000000.0, 1.8), (20000000.0, 2.3)], [(20000000.0, 2.3), (80000000.0, 4.0), (160000000.0, 5.0)], [(160000000.0, 5.0), (10000000.0, 1.8), (80000000.0, 4.0)], [(160000000.0, 5.0), (80000000.0, 4.0), (20000000.0, 2.3)], [(10000000.0, 1.8), (160000000.0, 5.0), (40000000.0, 2.7)], [(20000000.0, 2.3), (40000000.0, 2.7), (10000000.0, 1.8)], [(160000000.0, 5.0), (80000000.0, 4.0), (40000000.0, 2.7)], [(20000000.0, 2.3), (160000000.0, 5.0), (80000000.0, 4.0)]]",0.18213081961628136,"[2.8301622592151235e-10, 2.9805154300532936e-10, 2.6699263442470677e-10, 2.979397007409483e-10, 2.6841757284647306e-10, 2.055176034229812e-10, 2.0739062865945813e-10, 2.394093356616018e-10, 2.433362696475156e-10, 2.080912301554897e-10, 2.370105814321159e-10, 2.6148772051390004e-10, 2.756867482010376e-10, 2.840098473241657e-10, 2.0635155601605923e-10, 2.1390469983700973e-10]","[0.001, 0.0009, 0.0009, 0.0009, 0.0007999999999999999, 0.0009, 0.0007999999999999999, 0.0007999999999999999, 0.0007999999999999999, 0.0009, 0.001, 0.0009, 0.001, 0.001, 0.001, 0.0007999999999999999]",38962989.4186422,100,0.023988960030147877,"[1, 3, 4]",1,5,iot18
19,iot,16,"[[(40000000.0, 2.7), (20000000.0, 2.3), (160000000.0, 5.0)], [(160000000.0, 5.0), (80000000.0, 4.0), (20000000.0, 2.3)], [(10000000.0, 1.8), (40000000.0, 2.7), (80000000.0, 4.0)], [(160000000.0, 5.0), (40000000.0, 2.7), (10000000.0, 1.8)], [(80000000.0, 4.0), (10000000.0, 1.8), (40000000.0, 2.7)], [(80000000.0, 4.0), (160000000.0, 5.0), (40000000.0, 2.7)], [(80000000.0, 4.0), (40000000.0, 2.7), (10000000.0, 1.8)], [(20000000.0, 2.3), (10000000.0, 1.8), (40000000.0, 2.7)], [(20000000.0, 2.3), (40000000.0, 2.7), (10000000.0, 1.8)], [(160000000.0, 5.0), (10000000.0, 1.8), (20000000.0, 2.3)], [(80000000.0, 4.0), (40000000.0, 2.7), (160000000.0, 5.0)], [(10000000.0, 1.8), (80000000.0, 4.0), (40000000.0, 2.7)], [(80000000.0, 4.0), (10000000.0, 1.8), (40000000.0, 2.7)], [(40000000.0, 2.7), (20000000.0, 2.3), (160000000.0, 5.0)], [(10000000.0, 1.8), (40000000.0, 2.7), (20000000.0, 2.3)], [(20000000.0, 2.3), (10000000.0, 1.8), (160000000.0, 5.0)]]",0.1994627380453015,"[2.3180935594005018e-10, 2.4045335778832636e-10, 2.5794947841437106e-10, 2.1700040973630174e-10, 2.0603764078973391e-10, 2.6994889600719137e-10, 2.8229250067851556e-10, 2.9373736713362177e-10, 2.7758526061023523e-10, 2.508906847825306e-10, 2.7432430053618935e-10, 2.0669755087246522e-10, 2.356369589350827e-10, 2.9316091117797583e-10, 2.0183516596830754e-10, 2.146757626753617e-10]","[0.0009, 0.0009, 0.0009, 0.001, 0.001, 0.0007999999999999999, 0.0009, 0.001, 0.0007999999999999999, 0.0009, 0.0009, 0.001, 0.0007999999999999999, 0.0009, 0.0009, 0.0009]",38221419.10668249,100,0.012238878654242216,"[1, 3, 2]",1,5,iot19
20,mec,32,"[[(1000000000.0, 1.0), (750000000.0, 0.825), (1500000000.0, 1.2)], [(750000000.0, 0.825), (1000000000.0, 1.0), (600000000.0, 0.8)], [(1500000000.0, 1.2), (750000000.0, 0.825), (600000000.0, 0.8)], [(1000000000.0, 1.0), (1500000000.0, 1.2), (750000000.0, 0.825)], [(600000000.0, 0.8), (1500000000.0, 1.2), (750000000.0, 0.825)], [(750000000.0, 0.825), (1000000000.0, 1.0), (600000000.0, 0.8)], [(750000000.0, 0.825), (1000000000.0, 1.0), (600000000.0, 0.8)], [(600000000.0, 0.8), (1000000000.0, 1.0), (750000000.0, 0.825)], [(600000000.0, 0.8), (1000000000.0, 1.0), (750000000.0, 0.825)], [(1500000000.0, 1.2), (600000000.0, 0.8), (1000000000.0, 1.0)], [(1500000000.0, 1.2), (600000000.0, 0.8), (750000000.0, 0.825)], [(750000000.0, 0.825), (1000000000.0, 1.0), (1500000000.0, 1.2)], [(600000000.0, 0.8), (1500000000.0, 1.2), (750000000.0, 0.825)], [(1500000000.0, 1.2), (1000000000.0, 1.0), (600000000.0, 0.8)], [(750000000.0, 0.825), (600000000.0, 0.8), (1000000000.0, 1.0)], [(1000000000.0, 1.0), (1500000000.0, 1.2), (600000000.0, 0.8)], [(1000000000.0, 1.0), (750000000.0, 0.825), (1500000000.0, 1.2)], [(750000000.0, 0.825), (1500000000.0, 1.2), (600000000.0, 0.8)], [(600000000.0, 0.8), (750000000.0, 0.825), (1500000000.0, 1.2)], [(1500000000.0, 1.2), (1000000000.0, 1.0), (750000000.0, 0.825)], [(1500000000.0, 1.2), (600000000.0, 0.8), (750000000.0, 0.825)], [(1000000000.0, 1.0), (1500000000.0, 1.2), (600000000.0, 0.8)], [(750000000.0, 0.825), (1000000000.0, 1.0), (1500000000.0, 1.2)], [(600000000.0, 0.8), (1000000000.0, 1.0), (750000000.0, 0.825)], [(1500000000.0, 1.2), (1000000000.0, 1.0), (600000000.0, 0.8)], [(1500000000.0, 1.2), (600000000.0, 0.8), (1000000000.0, 1.0)], [(750000000.0, 0.825), (1500000000.0, 1.2), (600000000.0, 0.8)], [(1000000000.0, 1.0), (750000000.0, 0.825), (1500000000.0, 1.2)], [(600000000.0, 0.8), (1500000000.0, 1.2), (1000000000.0, 1.0)], [(750000000.0, 0.825), (600000000.0, 0.8), (1500000000.0, 1.2)], [(750000000.0, 0.825), (1000000000.0, 1.0), (600000000.0, 0.8)], [(1000000000.0, 1.0), (1500000000.0, 1.2), (750000000.0, 0.825)]]",-1.0,"[1.8628288066456632e-09, 1.531375875210065e-09, 1.6976265971007446e-09, 1.9001202216562464e-09, 1.5935562130616307e-09, 1.9870853764854946e-09, 1.9369505497460152e-09, 1.595209808169122e-09, 1.7205055608424092e-09, 1.9127755214952667e-09, 1.8570229515783987e-09, 1.8306369693325562e-09, 1.6897848550049649e-09, 1.7647797816909408e-09, 1.6386153923988366e-09, 1.5108203483025791e-09, 1.895169137054027e-09, 1.7176607977588e-09, 1.9248370340128955e-09, 1.586356647695356e-09, 1.5140169831980642e-09, 1.625641356080035e-09, 1.7274304126909412e-09, 1.8830394983322918e-09, 1.9817329573801018e-09, 1.699165556210399e-09, 1.5525762694015613e-09, 1.8298148537997697e-09, 1.5106463777089495e-09, 1.8494799885872771e-09, 1.5346637297447526e-09, 1.6735905987531038e-09]","[0.65, 0.5499999999999999, 0.75, 0.5499999999999999, 0.75, 0.65, 0.75, 0.75, 0.75, 0.75, 0.75, 0.75, 0.65, 0.5499999999999999, 0.65, 0.75, 0.65, 0.75, 0.75, 0.5499999999999999, 0.5499999999999999, 0.65, 0.75, 0.5499999999999999, 0.5499999999999999, 0.75, 0.5499999999999999, 0.5499999999999999, 0.5499999999999999, 0.65, 0.65, 0.65]",-1.0,-1,0.433412948328682,"[1, 3, 4]",1,1,mec20
21,mec,64,"[[(600000000.0, 0.8), (750000000.0, 0.825), (1000000000.0, 1.0)], [(1000000000.0, 1.0), (1500000000.0, 1.2), (600000000.0, 0.8)], [(750000000.0, 0.825), (1500000000.0, 1.2), (1000000000.0, 1.0)], [(600000000.0, 0.8), (750000000.0, 0.825), (1500000000.0, 1.2)], [(1000000000.0, 1.0), (600000000.0, 0.8), (750000000.0, 0.825)], [(1000000000.0, 1.0), (600000000.0, 0.8), (750000000.0, 0.825)], [(1000000000.0, 1.0), (1500000000.0, 1.2), (600000000.0, 0.8)], [(750000000.0, 0.825), (1000000000.0, 1.0), (600000000.0, 0.8)], [(600000000.0, 0.8), (1000000000.0, 1.0), (750000000.0, 0.825)], [(1000000000.0, 1.0), (1500000000.0, 1.2), (750000000.0, 0.825)], [(750000000.0, 0.825), (1500000000.0, 1.2), (1000000000.0, 1.0)], [(750000000.0, 0.825), (600000000.0, 0.8), (1000000000.0, 1.0)], [(1500000000.0, 1.2), (1000000000.0, 1.0), (750000000.0, 0.825)], [(750000000.0, 0.825), (1000000000.0, 1.0), (600000000.0, 0.8)], [(1000000000.0, 1.0), (1500000000.0, 1.2), (750000000.0, 0.825)], [(1500000000.0, 1.2), (750000000.0, 0.825), (600000000.0, 0.8)], [(1000000000.0, 1.0), (1500000000.0, 1.2), (750000000.0, 0.825)], [(1000000000.0, 1.0), (1500000000.0, 1.2), (750000000.0, 0.825)], [(600000000.0, 0.8), (1500000000.0, 1.2), (750000000.0, 0.825)], [(1000000000.0, 1.0), (1500000000.0, 1.2), (600000000.0, 0.8)], [(750000000.0, 0.825), (600000000.0, 0.8), (1000000000.0, 1.0)], [(750000000.0, 0.825), (1000000000.0, 1.0), (1500000000.0, 1.2)], [(600000000.0, 0.8), (750000000.0, 0.825), (1000000000.0, 1.0)], [(600000000.0, 0.8), (750000000.0, 0.825), (1500000000.0, 1.2)], [(750000000.0, 0.825), (600000000.0, 0.8), (1500000000.0, 1.2)], [(1000000000.0, 1.0), (750000000.0, 0.825), (1500000000.0, 1.2)], [(750000000.0, 0.825), (600000000.0, 0.8), (1000000000.0, 1.0)], [(750000000.0, 0.825), (1000000000.0, 1.0), (600000000.0, 0.8)], [(600000000.0, 0.8), (750000000.0, 0.825), (1000000000.0, 1.0)], [(750000000.0, 0.825), (600000000.0, 0.8), (1000000000.0, 1.0)], [(600000000.0, 0.8), (1000000000.0, 1.0), (750000000.0, 0.825)], [(750000000.0, 0.825), (1500000000.0, 1.2), (600000000.0, 0.8)], [(1000000000.0, 1.0), (750000000.0, 0.825), (600000000.0, 0.8)], [(1500000000.0, 1.2), (600000000.0, 0.8), (750000000.0, 0.825)], [(1000000000.0, 1.0), (750000000.0, 0.825), (1500000000.0, 1.2)], [(750000000.0, 0.825), (1500000000.0, 1.2), (600000000.0, 0.8)], [(600000000.0, 0.8), (750000000.0, 0.825), (1500000000.0, 1.2)], [(1500000000.0, 1.2), (750000000.0, 0.825), (600000000.0, 0.8)], [(1000000000.0, 1.0), (1500000000.0, 1.2), (750000000.0, 0.825)], [(1500000000.0, 1.2), (600000000.0, 0.8), (1000000000.0, 1.0)], [(750000000.0, 0.825), (1500000000.0, 1.2), (600000000.0, 0.8)], [(1500000000.0, 1.2), (1000000000.0, 1.0), (750000000.0, 0.825)], [(600000000.0, 0.8), (750000000.0, 0.825), (1000000000.0, 1.0)], [(1500000000.0, 1.2), (1000000000.0, 1.0), (750000000.0, 0.825)], [(1500000000.0, 1.2), (600000000.0, 0.8), (1000000000.0, 1.0)], [(750000000.0, 0.825), (600000000.0, 0.8), (1000000000.0, 1.0)], [(750000000.0, 0.825), (600000000.0, 0.8), (1000000000.0, 1.0)], [(600000000.0, 0.8), (1000000000.0, 1.0), (750000000.0, 0.825)], [(600000000.0, 0.8), (1500000000.0, 1.2), (1000000000.0, 1.0)], [(1000000000.0, 1.0), (1500000000.0, 1.2), (600000000.0, 0.8)], [(1000000000.0, 1.0), (600000000.0, 0.8), (1500000000.0, 1.2)], [(1000000000.0, 1.0), (600000000.0, 0.8), (1500000000.0, 1.2)], [(1500000000.0, 1.2), (600000000.0, 0.8), (750000000.0, 0.825)], [(1500000000.0, 1.2), (600000000.0, 0.8), (750000000.0, 0.825)], [(1000000000.0, 1.0), (1500000000.0, 1.2), (600000000.0, 0.8)], [(600000000.0, 0.8), (1000000000.0, 1.0), (1500000000.0, 1.2)], [(1500000000.0, 1.2), (600000000.0, 0.8), (750000000.0, 0.825)], [(750000000.0, 0.825), (1000000000.0, 1.0), (600000000.0, 0.8)], [(1500000000.0, 1.2), (1000000000.0, 1.0), (600000000.0, 0.8)], [(1000000000.0, 1.0), (750000000.0, 0.825), (1500000000.0, 1.2)], [(750000000.0, 0.825), (1000000000.0, 1.0), (1500000000.0, 1.2)], [(1000000000.0, 1.0), (1500000000.0, 1.2), (750000000.0, 0.825)], [(1000000000.0, 1.0), (750000000.0, 0.825), (1500000000.0, 1.2)], [(600000000.0, 0.8), (1000000000.0, 1.0), (1500000000.0, 1.2)]]",-1.0,"[1.5964727168094522e-09, 1.9111444340593113e-09, 1.5307472795455968e-09, 1.7655573879116473e-09, 1.523240359637335e-09, 1.809357424611811e-09, 1.9713463325652676e-09, 1.5566025667042193e-09, 1.5672491420699616e-09, 1.6392093352226605e-09, 1.9085716150650383e-09, 1.7700691006214686e-09, 1.7876684759799125e-09, 1.984562746032337e-09, 1.6272908287913403e-09, 1.940910510272593e-09, 1.854786574833595e-09, 1.8949084833812334e-09, 1.7719595203606136e-09, 1.86663263663668e-09, 1.9606984666461628e-09, 1.6076627279776619e-09, 1.7080061810144337e-09, 1.8177399051606621e-09, 1.7918083156871264e-09, 1.8195408324283964e-09, 1.9813641244804813e-09, 1.716152837466535e-09, 1.785005416506779e-09, 1.7504108838111823e-09, 1.7636762386793276e-09, 1.7768569737855341e-09, 1.6160505213253854e-09, 1.7273056995967689e-09, 1.92079044491735e-09, 1.5231075303243027e-09, 1.5437998481541902e-09, 1.9576914746728845e-09, 1.8618628805051776e-09, 1.9110444255247988e-09, 1.8354229620905944e-09, 1.8793144908065538e-09, 1.5069167933015698e-09, 1.6070649514594059e-09, 1.5099107268081633e-09, 1.6902640993087307e-09, 1.8411785898253075e-09, 1.5112046289389825e-09, 1.8457144232951402e-09, 1.7889885659340124e-09, 1.9389208552881165e-09, 1.9963574598650184e-09, 1.9474848463423023e-09, 1.6976326907020191e-09, 1.8103172687577208e-09, 1.52709368755015e-09, 1.6502296083145776e-09, 1.5903512358617435e-09, 1.6691760291490807e-09, 1.597083156329507e-09, 1.7261971872389948e-09, 1.8177509502198356e-09, 1.7008750310447575e-09, 1.8764327919820514e-09]","[0.75, 0.5499999999999999, 0.75, 0.75, 0.65, 0.75, 0.5499999999999999, 0.5499999999999999, 0.75, 0.75, 0.65, 0.75, 0.75, 0.65, 0.65, 0.75, 0.5499999999999999, 0.75, 0.75, 0.5499999999999999, 0.65, 0.5499999999999999, 0.65, 0.5499999999999999, 0.75, 0.75, 0.65, 0.5499999999999999, 0.75, 0.5499999999999999, 0.65, 0.75, 0.75, 0.65, 0.5499999999999999, 0.5499999999999999, 0.75, 0.65, 0.5499999999999999, 0.65, 0.75, 0.65, 0.5499999999999999, 0.75, 0.65, 0.65, 0.5499999999999999, 0.5499999999999999, 0.5499999999999999, 0.75, 0.65, 0.5499999999999999, 0.5499999999999999, 0.75, 0.5499999999999999, 0.75, 0.65, 0.5499999999999999, 0.65, 0.75, 0.75, 0.65, 0.75, 0.65]",-1.0,-1,0.3121204107354735,"[1, 3, 4]",1,1,mec21
22,mec,64,"[[(750000000.0, 0.825), (1000000000.0, 1.0), (600000000.0, 0.8)], [(1500000000.0, 1.2), (600000000.0, 0.8), (750000000.0, 0.825)], [(600000000.0, 0.8), (1500000000.0, 1.2), (1000000000.0, 1.0)], [(750000000.0, 0.825), (1000000000.0, 1.0), (1500000000.0, 1.2)], [(600000000.0, 0.8), (1500000000.0, 1.2), (1000000000.0, 1.0)], [(750000000.0, 0.825), (600000000.0, 0.8), (1500000000.0, 1.2)], [(1000000000.0, 1.0), (750000000.0, 0.825), (600000000.0, 0.8)], [(750000000.0, 0.825), (1500000000.0, 1.2), (1000000000.0, 1.0)], [(750000000.0, 0.825), (600000000.0, 0.8), (1500000000.0, 1.2)], [(1000000000.0, 1.0), (600000000.0, 0.8), (1500000000.0, 1.2)], [(1000000000.0, 1.0), (1500000000.0, 1.2), (600000000.0, 0.8)], [(750000000.0, 0.825), (1000000000.0, 1.0), (1500000000.0, 1.2)], [(600000000.0, 0.8), (750000000.0, 0.825), (1500000000.0, 1.2)], [(1000000000.0, 1.0), (1500000000.0, 1.2), (600000000.0, 0.8)], [(750000000.0, 0.825), (600000000.0, 0.8), (1500000000.0, 1.2)], [(750000000.0, 0.825), (600000000.0, 0.8), (1000000000.0, 1.0)], [(1000000000.0, 1.0), (1500000000.0, 1.2), (600000000.0, 0.8)], [(600000000.0, 0.8), (1000000000.0, 1.0), (1500000000.0, 1.2)], [(1500000000.0, 1.2), (600000000.0, 0.8), (750000000.0, 0.825)], [(1000000000.0, 1.0), (600000000.0, 0.8), (1500000000.0, 1.2)], [(1500000000.0, 1.2), (750000000.0, 0.825), (600000000.0, 0.8)], [(750000000.0, 0.825), (1500000000.0, 1.2), (1000000000.0, 1.0)], [(750000000.0, 0.825), (1000000000.0, 1.0), (1500000000.0, 1.2)], [(1500000000.0, 1.2), (750000000.0, 0.825), (600000000.0, 0.8)], [(1000000000.0, 1.0), (750000000.0, 0.825), (1500000000.0, 1.2)], [(600000000.0, 0.8), (1500000000.0, 1.2), (750000000.0, 0.825)], [(1000000000.0, 1.0), (750000000.0, 0.825), (600000000.0, 0.8)], [(1500000000.0, 1.2), (1000000000.0, 1.0), (750000000.0, 0.825)], [(600000000.0, 0.8), (1500000000.0, 1.2), (1000000000.0, 1.0)], [(1000000000.0, 1.0), (600000000.0, 0.8), (1500000000.0, 1.2)], [(1500000000.0, 1.2), (600000000.0, 0.8), (1000000000.0, 1.0)], [(1500000000.0, 1.2), (1000000000.0, 1.0), (750000000.0, 0.825)], [(750000000.0, 0.825), (600000000.0, 0.8), (1500000000.0, 1.2)], [(600000000.0, 0.8), (1500000000.0, 1.2), (1000000000.0, 1.0)], [(1000000000.0, 1.0), (600000000.0, 0.8), (1500000000.0, 1.2)], [(750000000.0, 0.825), (1000000000.0, 1.0), (600000000.0, 0.8)], [(1500000000.0, 1.2), (1000000000.0, 1.0), (600000000.0, 0.8)], [(1500000000.0, 1.2), (1000000000.0, 1.0), (750000000.0, 0.825)], [(1500000000.0, 1.2), (1000000000.0, 1.0), (750000000.0, 0.825)], [(1500000000.0, 1.2), (750000000.0, 0.825), (600000000.0, 0.8)], [(600000000.0, 0.8), (750000000.0, 0.825), (1500000000.0, 1.2)], [(1500000000.0, 1.2), (1000000000.0, 1.0), (750000000.0, 0.825)], [(1000000000.0, 1.0), (750000000.0, 0.825), (1500000000.0, 1.2)], [(1500000000.0, 1.2), (600000000.0, 0.8), (1000000000.0, 1.0)], [(1000000000.0, 1.0), (1500000000.0, 1.2), (600000000.0, 0.8)], [(1000000000.0, 1.0), (600000000.0, 0.8), (750000000.0, 0.825)], [(1000000000.0, 1.0), (600000000.0, 0.8), (750000000.0, 0.825)], [(750000000.0, 0.825), (600000000.0, 0.8), (1000000000.0, 1.0)], [(1500000000.0, 1.2), (600000000.0, 0.8), (750000000.0, 0.825)], [(1000000000.0, 1.0), (1500000000.0, 1.2), (750000000.0, 0.825)], [(1500000000.0, 1.2), (600000000.0, 0.8), (750000000.0, 0.825)], [(600000000.0, 0.8), (1000000000.0, 1.0), (1500000000.0, 1.2)], [(1500000000.0, 1.2), (1000000000.0, 1.0), (750000000.0, 0.825)], [(600000000.0, 0.8), (1500000000.0, 1.2), (1000000000.0, 1.0)], [(600000000.0, 0.8), (750000000.0, 0.825), (1500000000.0, 1.2)], [(1500000000.0, 1.2), (600000000.0, 0.8), (1000000000.0, 1.0)], [(1500000000.0, 1.2), (1000000000.0, 1.0), (750000000.0, 0.825)], [(1000000000.0, 1.0), (750000000.0, 0.825), (1500000000.0, 1.2)], [(600000000.0, 0.8), (750000000.0, 0.825), (1500000000.0, 1.2)], [(1500000000.0, 1.2), (1000000000.0, 1.0), (750000000.0, 0.825)], [(600000000.0, 0.8), (1000000000.0, 1.0), (750000000.0, 0.825)], [(750000000.0, 0.825), (1500000000.0, 1.2), (600000000.0, 0.8)], [(750000000.0, 0.825), (600000000.0, 0.8), (1500000000.0, 1.2)], [(1000000000.0, 1.0), (600000000.0, 0.8), (1500000000.0, 1.2)]]",-1.0,"[1.8754953110994487e-09, 1.872048507612514e-09, 1.9123512662633117e-09, 1.9063646852640238e-09, 1.9622024056524565e-09, 1.642343605241314e-09, 1.974178586363208e-09, 1.8050643233567905e-09, 1.8324012719938157e-09, 1.9068087293890993e-09, 1.6967395902156579e-09, 1.99434911058419e-09, 1.6204548275210035e-09, 1.7444933845992518e-09, 1.8113722905370693e-09, 1.5517079366384812e-09, 1.9699083028319196e-09, 1.5760487880388312e-09, 1.7256579969098418e-09, 1.570361526196781e-09, 1.7190101644972314e-09, 1.5151344762837536e-09, 1.9224362636956744e-09, 1.9663276294289796e-09, 1.605280009644992e-09, 1.7877095573342055e-09, 1.910065339676334e-09, 1.5420170891216883e-09, 1.7802518665772989e-09, 1.5669925981426888e-09, 1.5847788131809684e-09, 1.7330539483940482e-09, 1.7626898985494753e-09, 1.6603698502915525e-09, 1.7949974076826611e-09, 1.8644122877286628e-09, 1.903020819476806e-09, 1.6981468998278286e-09, 1.9303455707442475e-09, 1.572889078594266e-09, 1.9576405564287117e-09, 1.772896947418435e-09, 1.851003278031466e-09, 1.925374436747887e-09, 1.905792908801246e-09, 1.752534077849111e-09, 1.5890426602014137e-09, 1.7181237646418165e-09, 1.8562977413223712e-09, 1.5383731634015707e-09, 1.5998304211992213e-09, 1.8836308282780757e-09, 1.7882708671072779e-09, 1.546689413269601e-09, 1.5852385631742994e-09, 1.5364361644780251e-09, 1.530115733491905e-09, 1.5752866859169988e-09, 1.5979425933991026e-09, 1.9553536669489624e-09, 1.5691106020129496e-09, 1.803219935595236e-09, 1.9445863511567603e-09, 1.5656613010498266e-09]","[0.65, 0.65, 0.5499999999999999, 0.5499999999999999, 0.75, 0.65, 0.65, 0.65, 0.65, 0.75, 0.75, 0.5499999999999999, 0.65, 0.5499999999999999, 0.75, 0.75, 0.65, 0.75, 0.5499999999999999, 0.5499999999999999, 0.5499999999999999, 0.5499999999999999, 0.75, 0.65, 0.65, 0.75, 0.65, 0.65, 0.5499999999999999, 0.75, 0.5499999999999999, 0.5499999999999999, 0.75, 0.65, 0.75, 0.65, 0.65, 0.75, 0.5499999999999999, 0.65, 0.5499999999999999, 0.65, 0.5499999999999999, 0.75, 0.65, 0.5499999999999999, 0.5499999999999999, 0.75, 0.5499999999999999, 0.5499999999999999, 0.75, 0.75, 0.65, 0.65, 0.5499999999999999, 0.65, 0.75, 0.5499999999999999, 0.5499999999999999, 0.65, 0.65, 0.65, 0.5499999999999999, 0.5499999999999999]",-1.0,-1,0.3514135526074637,"[2, 4, 3]",0,1,mec22
23,mec,16,"[[(1500000000.0, 1.2), (1000000000.0, 1.0), (600000000.0, 0.8)], [(1500000000.0, 1.2), (750000000.0, 0.825), (1000000000.0, 1.0)], [(600000000.0, 0.8), (1500000000.0, 1.2), (1000000000.0, 1.0)], [(750000000.0, 0.825), (1000000000.0, 1.0), (1500000000.0, 1.2)], [(750000000.0, 0.825), (1500000000.0, 1.2), (1000000000.0, 1.0)], [(750000000.0, 0.825), (1500000000.0, 1.2), (1000000000.0, 1.0)], [(1000000000.0, 1.0), (1500000000.0, 1.2), (750000000.0, 0.825)], [(1000000000.0, 1.0), (750000000.0, 0.825), (1500000000.0, 1.2)], [(600000000.0, 0.8), (750000000.0, 0.825), (1500000000.0, 1.2)], [(750000000.0, 0.825), (600000000.0, 0.8), (1500000000.0, 1.2)], [(1500000000.0, 1.2), (600000000.0, 0.8), (1000000000.0, 1.0)], [(1000000000.0, 1.0), (600000000.0, 0.8), (1500000000.0, 1.2)], [(750000000.0, 0.825), (1500000000.0, 1.2), (600000000.0, 0.8)], [(750000000.0, 0.825), (1500000000.0, 1.2), (1000000000.0, 1.0)], [(600000000.0, 0.8), (1500000000.0, 1.2), (1000000000.0, 1.0)], [(600000000.0, 0.8), (750000000.0, 0.825), (1500000000.0, 1.2)]]",-1.0,"[1.857850992718472e-09, 1.87836987702992e-09, 1.782924124986462e-09, 1.907406146823367e-09, 1.9241735703677913e-09, 1.7796126745745548e-09, 1.6629819910445053e-09, 1.552498094867282e-09, 1.8286200962015987e-09, 1.7426382433600524e-09, 1.6751074167734938e-09, 1.9964080745687956e-09, 1.5778324781941663e-09, 1.7630154995375322e-09, 1.5926080329783377e-09, 1.5101614724580313e-09]","[0.5499999999999999, 0.65, 0.5499999999999999, 0.75, 0.5499999999999999, 0.5499999999999999, 0.75, 0.5499999999999999, 0.75, 0.65, 0.75, 0.75, 0.65, 0.75, 0.65, 0.75]",-1.0,-1,0.18940688959559632,"[2, 3, 4]",0,1,mec23
24,mec,16,"[[(1000000000.0, 1.0), (600000000.0, 0.8), (1500000000.0, 1.2)], [(1500000000.0, 1.2), (1000000000.0, 1.0), (750000000.0, 0.825)], [(750000000.0, 0.825), (1500000000.0, 1.2), (600000000.0, 0.8)], [(1500000000.0, 1.2), (1000000000.0, 1.0), (750000000.0, 0.825)], [(600000000.0, 0.8), (1000000000.0, 1.0), (1500000000.0, 1.2)], [(600000000.0, 0.8), (1000000000.0, 1.0), (750000000.0, 0.825)], [(600000000.0, 0.8), (1000000000.0, 1.0), (750000000.0, 0.825)], [(1000000000.0, 1.0), (750000000.0, 0.825), (600000000.0, 0.8)], [(1000000000.0, 1.0), (1500000000.0, 1.2), (750000000.0, 0.825)], [(750000000.0, 0.825), (1000000000.0, 1.0), (600000000.0, 0.8)], [(750000000.0, 0.825), (1500000000.0, 1.2), (600000000.0, 0.8)], [(600000000.0, 0.8), (1000000000.0, 1.0), (750000000.0, 0.825)], [(1000000000.0, 1.0), (750000000.0, 0.825), (600000000.0, 0.8)], [(1000000000.0, 1.0), (600000000.0, 0.8), (1500000000.0, 1.2)], [(1500000000.0, 1.2), (600000000.0, 0.8), (1000000000.0, 1.0)], [(750000000.0, 0.825), (1500000000.0, 1.2), (600000000.0, 0.8)]]",-1.0,"[1.6430966098676143e-09, 1.6366958293051745e-09, 1.523681905219989e-09, 1.8230919626466198e-09, 1.943614665657986e-09, 1.664169220570684e-09, 1.6931827484456803e-09, 1.9449479422851666e-09, 1.712168270616707e-09, 1.7988820698849055e-09, 1.7751886806860397e-09, 1.6897975447340002e-09, 1.6619929179149884e-09, 1.7966848700196867e-09, 1.7171648402858537e-09, 1.890897718215155e-09]","[0.75, 0.65, 0.5499999999999999, 0.5499999999999999, 0.5499999999999999, 0.65, 0.75, 0.65, 0.65, 0.5499999999999999, 0.65, 0.75, 0.5499999999999999, 0.5499999999999999, 0.5499999999999999, 0.75]",-1.0,-1,0.2274813350187457,"[2, 3, 1]",0,1,mec24
25,mec,32,"[[(1500000000.0, 1.2), (1000000000.0, 1.0), (750000000.0, 0.825)], [(750000000.0, 0.825), (600000000.0, 0.8), (1500000000.0, 1.2)], [(1500000000.0, 1.2), (750000000.0, 0.825), (600000000.0, 0.8)], [(750000000.0, 0.825), (600000000.0, 0.8), (1500000000.0, 1.2)], [(750000000.0, 0.825), (1000000000.0, 1.0), (600000000.0, 0.8)], [(600000000.0, 0.8), (750000000.0, 0.825), (1500000000.0, 1.2)], [(1000000000.0, 1.0), (750000000.0, 0.825), (600000000.0, 0.8)], [(1500000000.0, 1.2), (600000000.0, 0.8), (750000000.0, 0.825)], [(600000000.0, 0.8), (750000000.0, 0.825), (1000000000.0, 1.0)], [(1500000000.0, 1.2), (1000000000.0, 1.0), (750000000.0, 0.825)], [(600000000.0, 0.8), (1500000000.0, 1.2), (750000000.0, 0.825)], [(750000000.0, 0.825), (1500000000.0, 1.2), (1000000000.0, 1.0)], [(1000000000.0, 1.0), (1500000000.0, 1.2), (600000000.0, 0.8)], [(750000000.0, 0.825), (1500000000.0, 1.2), (600000000.0, 0.8)], [(600000000.0, 0.8), (750000000.0, 0.825), (1500000000.0, 1.2)], [(1500000000.0, 1.2), (750000000.0, 0.825), (600000000.0, 0.8)], [(1500000000.0, 1.2), (600000000.0, 0.8), (1000000000.0, 1.0)], [(750000000.0, 0.825), (1000000000.0, 1.0), (600000000.0, 0.8)], [(600000000.0, 0.8), (1500000000.0, 1.2), (750000000.0, 0.825)], [(1000000000.0, 1.0), (600000000.0, 0.8), (750000000.0, 0.825)], [(1000000000.0, 1.0), (600000000.0, 0.8), (750000000.0, 0.825)], [(1000000000.0, 1.0), (600000000.0, 0.8), (750000000.0, 0.825)], [(1000000000.0, 1.0), (600000000.0, 0.8), (750000000.0, 0.825)], [(1000000000.0, 1.0), (750000000.0, 0.825), (600000000.0, 0.8)], [(750000000.0, 0.825), (600000000.0, 0.8), (1500000000.0, 1.2)], [(1000000000.0, 1.0), (1500000000.0, 1.2), (600000000.0, 0.8)], [(1000000000.0, 1.0), (600000000.0, 0.8), (750000000.0, 0.825)], [(750000000.0, 0.825), (1500000000.0, 1.2), (600000000.0, 0.8)], [(750000000.0, 0.825), (600000000.0, 0.8), (1500000000.0, 1.2)], [(750000000.0, 0.825), (1000000000.0, 1.0), (600000000.0, 0.8)], [(600000000.0, 0.8), (1500000000.0, 1.2), (1000000000.0, 1.0)], [(1500000000.0, 1.2), (750000000.0, 0.825), (600000000.0, 0.8)]]",-1.0,"[1.6291819816625612e-09, 1.5096065199011576e-09, 1.544983758989994e-09, 1.5892298258712326e-09, 1.9386498531257233e-09, 1.964112528235898e-09, 1.9146318235036127e-09, 1.954887687005395e-09, 1.5813776092960286e-09, 1.8579348964374068e-09, 1.971930643305264e-09, 1.8547846385996455e-09, 1.8413804305595177e-09, 1.97616716738525e-09, 1.7428596361531767e-09, 1.5607515251795026e-09, 1.5173325308068242e-09, 1.7551842907477572e-09, 1.710422969947831e-09, 1.7088634156363453e-09, 1.8538944518752946e-09, 1.920152047672395e-09, 1.6727170615240498e-09, 1.8060879813897743e-09, 1.5774879712717757e-09, 1.533893122992259e-09, 1.8633760845095837e-09, 1.656531087734429e-09, 1.830420704532244e-09, 1.8567779242298173e-09, 1.733261552924637e-09, 1.8402668757348277e-09]","[0.5499999999999999, 0.5499999999999999, 0.75, 0.65, 0.5499999999999999, 0.75, 0.75, 0.5499999999999999, 0.65, 0.65, 0.5499999999999999, 0.5499999999999999, 0.65, 0.5499999999999999, 0.5499999999999999, 0.75, 0.65, 0.5499999999999999, 0.65, 0.65, 0.5499999999999999, 0.75, 0.75, 0.5499999999999999, 0.5499999999999999, 0.75, 0.5499999999999999, 0.5499999999999999, 0.75, 0.5499999999999999, 0.5499999999999999, 0.65]",-1.0,-1,0.19773448867730137,"[1, 3, 2]",1,1,mec25
26,mec,32,"[[(750000000.0, 0.825), (1500000000.0, 1.2), (1000000000.0, 1.0)], [(1000000000.0, 1.0), (600000000.0, 0.8), (750000000.0, 0.825)], [(750000000.0, 0.825), (600000000.0, 0.8), (1500000000.0, 1.2)], [(1000000000.0, 1.0), (750000000.0, 0.825), (600000000.0, 0.8)], [(750000000.0, 0.825), (600000000.0, 0.8), (1500000000.0, 1.2)], [(1000000000.0, 1.0), (600000000.0, 0.8), (1500000000.0, 1.2)], [(1000000000.0, 1.0), (600000000.0, 0.8), (1500000000.0, 1.2)], [(1000000000.0, 1.0), (1500000000.0, 1.2), (600000000.0, 0.8)], [(600000000.0, 0.8), (1500000000.0, 1.2), (750000000.0, 0.825)], [(600000000.0, 0.8), (750000000.0, 0.825), (1000000000.0, 1.0)], [(1000000000.0, 1.0), (1500000000.0, 1.2), (600000000.0, 0.8)], [(1500000000.0, 1.2), (600000000.0, 0.8), (750000000.0, 0.825)], [(1500000000.0, 1.2), (750000000.0, 0.825), (1000000000.0, 1.0)], [(750000000.0, 0.825), (1500000000.0, 1.2), (600000000.0, 0.8)], [(600000000.0, 0.8), (1000000000.0, 1.0), (1500000000.0, 1.2)], [(1000000000.0, 1.0), (1500000000.0, 1.2), (750000000.0, 0.825)], [(1500000000.0, 1.2), (1000000000.0, 1.0), (600000000.0, 0.8)], [(1500000000.0, 1.2), (600000000.0, 0.8), (750000000.0, 0.825)], [(750000000.0, 0.825), (600000000.0, 0.8), (1500000000.0, 1.2)], [(1500000000.0, 1.2), (1000000000.0, 1.0), (750000000.0, 0.825)], [(600000000.0, 0.8), (1000000000.0, 1.0), (750000000.0, 0.825)], [(1500000000.0, 1.2), (600000000.0, 0.8), (1000000000.0, 1.0)], [(750000000.0, 0.825), (1000000000.0, 1.0), (1500000000.0, 1.2)], [(750000000.0, 0.825), (1000000000.0, 1.0), (1500000000.0, 1.2)], [(1000000000.0, 1.0), (600000000.0, 0.8), (1500000000.0, 1.2)], [(750000000.0, 0.825), (600000000.0, 0.8), (1500000000.0, 1.2)], [(1500000000.0, 1.2), (1000000000.0, 1.0), (750000000.0, 0.825)], [(750000000.0, 0.825), (1000000000.0, 1.0), (600000000.0, 0.8)], [(600000000.0, 0.8), (750000000.0, 0.825), (1000000000.0, 1.0)], [(1500000000.0, 1.2), (1000000000.0, 1.0), (750000000.0, 0.825)], [(750000000.0, 0.825), (1500000000.0, 1.2), (600000000.0, 0.8)], [(600000000.0, 0.8), (1000000000.0, 1.0), (750000000.0, 0.825)]]",-1.0,"[1.5311844177304976e-09, 1.5319023236149853e-09, 1.8073782743214012e-09, 1.7506575456833177e-09, 1.9460372610547684e-09, 1.5243922851472629e-09, 1.5935132240016553e-09, 1.8045925882315313e-09, 1.8170204526275218e-09, 1.9963841952434304e-09, 1.8071274483534938e-09, 1.5271055114069064e-09, 1.6674127956462945e-09, 1.5656055717790497e-09, 1.9564214447957996e-09, 1.886500084397027e-09, 1.938732018682822e-09, 1.7015248325614797e-09, 1.866770351285339e-09, 1.948021302833355e-09, 1.9038402716871305e-09, 1.7291043904884484e-09, 1.619343251757018e-09, 1.8062946537153812e-09, 1.5999553610936347e-09, 1.968093350499089e-09, 1.6385376887496055e-09, 1.7770575850087737e-09, 1.6584239479137071e-09, 1.6778529864836437e-09, 1.906070310549403e-09, 1.8466564181527716e-09]","[0.5499999999999999, 0.75, 0.5499999999999999, 0.75, 0.5499999999999999, 0.65, 0.5499999999999999, 0.75, 0.65, 0.65, 0.65, 0.75, 0.75, 0.65, 0.5499999999999999, 0.5499999999999999, 0.5499999999999999, 0.75, 0.5499999999999999, 0.5499999999999999, 0.65, 0.65, 0.75, 0.5499999999999999, 0.5499999999999999, 0.5499999999999999, 0.65, 0.75, 0.75, 0.65, 0.65, 0.5499999999999999]",-1.0,-1,0.17072197258280278,"[1, 3, 4]",0,1,mec26
27,mec,64,"[[(750000000.0, 0.825), (1500000000.0, 1.2), (1000000000.0, 1.0)], [(1000000000.0, 1.0), (750000000.0, 0.825), (600000000.0, 0.8)], [(1000000000.0, 1.0), (1500000000.0, 1.2), (750000000.0, 0.825)], [(1500000000.0, 1.2), (1000000000.0, 1.0), (600000000.0, 0.8)], [(750000000.0, 0.825), (1500000000.0, 1.2), (1000000000.0, 1.0)], [(600000000.0, 0.8), (750000000.0, 0.825), (1000000000.0, 1.0)], [(750000000.0, 0.825), (1500000000.0, 1.2), (600000000.0, 0.8)], [(600000000.0, 0.8), (1500000000.0, 1.2), (1000000000.0, 1.0)], [(750000000.0, 0.825), (1000000000.0, 1.0), (1500000000.0, 1.2)], [(1000000000.0, 1.0), (600000000.0, 0.8), (1500000000.0, 1.2)], [(1000000000.0, 1.0), (600000000.0, 0.8), (1500000000.0, 1.2)], [(750000000.0, 0.825), (1500000000.0, 1.2), (1000000000.0, 1.0)], [(1500000000.0, 1.2), (1000000000.0, 1.0), (750000000.0, 0.825)], [(600000000.0, 0.8), (1000000000.0, 1.0), (750000000.0, 0.825)], [(1000000000.0, 1.0), (1500000000.0, 1.2), (600000000.0, 0.8)], [(750000000.0, 0.825), (1000000000.0, 1.0), (1500000000.0, 1.2)], [(600000000.0, 0.8), (750000000.0, 0.825), (1000000000.0, 1.0)], [(750000000.0, 0.825), (1000000000.0, 1.0), (1500000000.0, 1.2)], [(1500000000.0, 1.2), (1000000000.0, 1.0), (600000000.0, 0.8)], [(1500000000.0, 1.2), (1000000000.0, 1.0), (600000000.0, 0.8)], [(750000000.0, 0.825), (1000000000.0, 1.0), (600000000.0, 0.8)], [(600000000.0, 0.8), (750000000.0, 0.825), (1500000000.0, 1.2)], [(1500000000.0, 1.2), (1000000000.0, 1.0), (600000000.0, 0.8)], [(1500000000.0, 1.2), (1000000000.0, 1.0), (750000000.0, 0.825)], [(1500000000.0, 1.2), (1000000000.0, 1.0), (600000000.0, 0.8)], [(600000000.0, 0.8), (1000000000.0, 1.0), (1500000000.0, 1.2)], [(1500000000.0, 1.2), (600000000.0, 0.8), (1000000000.0, 1.0)], [(1500000000.0, 1.2), (1000000000.0, 1.0), (750000000.0, 0.825)], [(600000000.0, 0.8), (750000000.0, 0.825), (1000000000.0, 1.0)], [(1000000000.0, 1.0), (600000000.0, 0.8), (1500000000.0, 1.2)], [(600000000.0, 0.8), (1000000000.0, 1.0), (750000000.0, 0.825)], [(1500000000.0, 1.2), (600000000.0, 0.8), (750000000.0, 0.825)], [(600000000.0, 0.8), (1500000000.0, 1.2), (750000000.0, 0.825)], [(750000000.0, 0.825), (1000000000.0, 1.0), (600000000.0, 0.8)], [(1500000000.0, 1.2), (750000000.0, 0.825), (1000000000.0, 1.0)], [(750000000.0, 0.825), (600000000.0, 0.8), (1500000000.0, 1.2)], [(750000000.0, 0.825), (600000000.0, 0.8), (1000000000.0, 1.0)], [(1500000000.0, 1.2), (600000000.0, 0.8), (1000000000.0, 1.0)], [(1000000000.0, 1.0), (600000000.0, 0.8), (1500000000.0, 1.2)], [(1000000000.0, 1.0), (1500000000.0, 1.2), (750000000.0, 0.825)], [(1500000000.0, 1.2), (750000000.0, 0.825), (1000000000.0, 1.0)], [(600000000.0, 0.8), (750000000.0, 0.825), (1500000000.0, 1.2)], [(750000000.0, 0.825), (1500000000.0, 1.2), (1000000000.0, 1.0)], [(600000000.0, 0.8), (750000000.0, 0.825), (1000000000.0, 1.0)], [(600000000.0, 0.8), (750000000.0, 0.825), (1000000000.0, 1.0)], [(600000000.0, 0.8), (1500000000.0, 1.2), (1000000000.0, 1.0)], [(600000000.0, 0.8), (1000000000.0, 1.0), (750000000.0, 0.825)], [(1000000000.0, 1.0), (750000000.0, 0.825), (1500000000.0, 1.2)], [(1500000000.0, 1.2), (750000000.0, 0.825), (1000000000.0, 1.0)], [(1500000000.0, 1.2), (750000000.0, 0.825), (1000000000.0, 1.0)], [(750000000.0, 0.825), (1000000000.0, 1.0), (600000000.0, 0.8)], [(750000000.0, 0.825), (1500000000.0, 1.2), (600000000.0, 0.8)], [(750000000.0, 0.825), (600000000.0, 0.8), (1000000000.0, 1.0)], [(600000000.0, 0.8), (1500000000.0, 1.2), (1000000000.0, 1.0)], [(750000000.0, 0.825), (1000000000.0, 1.0), (1500000000.0, 1.2)], [(600000000.0, 0.8), (1500000000.0, 1.2), (750000000.0, 0.825)], [(1000000000.0, 1.0), (1500000000.0, 1.2), (600000000.0, 0.8)], [(1500000000.0, 1.2), (750000000.0, 0.825), (600000000.0, 0.8)], [(1000000000.0, 1.0), (600000000.0, 0.8), (1500000000.0, 1.2)], [(750000000.0, 0.825), (600000000.0, 0.8), (1000000000.0, 1.0)], [(1500000000.0, 1.2), (1000000000.0, 1.0), (750000000.0, 0.825)], [(750000000.0, 0.825), (600000000.0, 0.8), (1000000000.0, 1.0)], [(750000000.0, 0.825), (1000000000.0, 1.0), (600000000.0, 0.8)], [(600000000.0, 0.8), (750000000.0, 0.825), (1000000000.0, 1.0)]]",-1.0,"[1.954995952360517e-09, 1.6254494026503959e-09, 1.971400195772912e-09, 1.9455111250579425e-09, 1.6348467449350817e-09, 1.8675796830578345e-09, 1.9366718766372943e-09, 1.843331080539331e-09, 1.7305849387702847e-09, 1.7226812910947058e-09, 1.9728567288402724e-09, 1.8495357428699665e-09, 1.918122495528396e-09, 1.7296209310067626e-09, 1.6601263109560089e-09, 1.593136314739041e-09, 1.575684161275324e-09, 1.5705079389992861e-09, 1.905071040648408e-09, 1.5416470768016507e-09, 1.8287519906893472e-09, 1.7789649545370043e-09, 1.7979038430046797e-09, 1.55960673569753e-09, 1.5305230607219454e-09, 1.791794945348851e-09, 1.7988390186722648e-09, 1.7663688065459376e-09, 1.5855739101782198e-09, 1.8993546740400196e-09, 1.5807149618047354e-09, 1.8848758438514736e-09, 1.8392476874433653e-09, 1.8869495808585107e-09, 1.8623864397672821e-09, 1.8711019372770797e-09, 1.7399866709504255e-09, 1.695984899481918e-09, 1.9514234689858458e-09, 1.9565283321548757e-09, 1.539364596367553e-09, 1.7414004030063254e-09, 1.5430729031373952e-09, 1.5949234780284925e-09, 1.7784127936798222e-09, 1.985122805217863e-09, 1.6270751228752359e-09, 1.7954933819721865e-09, 1.879739820076944e-09, 1.7406816325706115e-09, 1.8798117235127575e-09, 1.650278398320728e-09, 1.95597847468397e-09, 1.9668316010733475e-09, 1.8268237650224483e-09, 1.9835564582037025e-09, 1.7683824125972086e-09, 1.6366789364665603e-09, 1.8857614978929273e-09, 1.6375784197866642e-09, 1.881838481523625e-09, 1.7894047345517535e-09, 1.992241395805695e-09, 1.9884116218806807e-09]","[0.75, 0.65, 0.75, 0.65, 0.75, 0.65, 0.65, 0.5499999999999999, 0.75, 0.5499999999999999, 0.5499999999999999, 0.75, 0.65, 0.75, 0.75, 0.5499999999999999, 0.75, 0.75, 0.5499999999999999, 0.65, 0.65, 0.75, 0.75, 0.75, 0.75, 0.5499999999999999, 0.75, 0.5499999999999999, 0.5499999999999999, 0.65, 0.75, 0.5499999999999999, 0.5499999999999999, 0.75, 0.5499999999999999, 0.75, 0.5499999999999999, 0.75, 0.75, 0.5499999999999999, 0.75, 0.75, 0.65, 0.5499999999999999, 0.5499999999999999, 0.75, 0.5499999999999999, 0.75, 0.65, 0.5499999999999999, 0.5499999999999999, 0.65, 0.65, 0.65, 0.5499999999999999, 0.65, 0.75, 0.5499999999999999, 0.65, 0.5499999999999999, 0.75, 0.75, 0.65, 0.75]",-1.0,-1,0.3359830268950587,"[3, 2, 1]",1,1,mec27
28,mec,16,"[[(1000000000.0, 1.0), (1500000000.0, 1.2), (600000000.0, 0.8)], [(1500000000.0, 1.2), (1000000000.0, 1.0), (600000000.0, 0.8)], [(1000000000.0, 1.0), (1500000000.0, 1.2), (600000000.0, 0.8)], [(1000000000.0, 1.0), (600000000.0, 0.8), (1500000000.0, 1.2)], [(750000000.0, 0.825), (1000000000.0, 1.0), (600000000.0, 0.8)], [(1500000000.0, 1.2), (600000000.0, 0.8), (1000000000.0, 1.0)], [(1500000000.0, 1.2), (600000000.0, 0.8), (750000000.0, 0.825)], [(1000000000.0, 1.0), (1500000000.0, 1.2), (600000000.0, 0.8)], [(1500000000.0, 1.2), (750000000.0, 0.825), (600000000.0, 0.8)], [(1500000000.0, 1.2), (600000000.0, 0.8), (750000000.0, 0.825)], [(750000000.0, 0.825), (1500000000.0, 1.2), (600000000.0, 0.8)], [(600000000.0, 0.8), (1500000000.0, 1.2), (750000000.0, 0.825)], [(600000000.0, 0.8), (750000000.0, 0.825), (1500000000.0, 1.2)], [(600000000.0, 0.8), (1500000000.0, 1.2), (1000000000.0, 1.0)], [(750000000.0, 0.825), (1000000000.0, 1.0), (600000000.0, 0.8)], [(750000000.0, 0.825), (600000000.0, 0.8), (1500000000.0, 1.2)]]",-1.0,"[1.7950465612226886e-09, 1.6649716280011436e-09, 1.5186800460131466e-09, 1.6890605749405341e-09, 1.7664341717539162e-09, 1.8993585352619364e-09, 1.7802516271625603e-09, 1.6345948946531026e-09, 1.990931142632453e-09, 1.6163601954967858e-09, 1.5048211271068806e-09, 1.9633142988121997e-09, 1.7923288951922416e-09, 1.819653706297824e-09, 1.6157435313994594e-09, 1.9506566938731275e-09]","[0.75, 0.5499999999999999, 0.75, 0.5499999999999999, 0.5499999999999999, 0.5499999999999999, 0.65, 0.5499999999999999, 0.5499999999999999, 0.75, 0.65, 0.75, 0.75, 0.75, 0.75, 0.5499999999999999]",-1.0,-1,0.3236798915686827,"[2, 1, 3]",0,1,mec28
29,mec,64,"[[(1500000000.0, 1.2), (1000000000.0, 1.0), (750000000.0, 0.825)], [(1000000000.0, 1.0), (1500000000.0, 1.2), (750000000.0, 0.825)], [(1000000000.0, 1.0), (750000000.0, 0.825), (1500000000.0, 1.2)], [(600000000.0, 0.8), (1500000000.0, 1.2), (750000000.0, 0.825)], [(1000000000.0, 1.0), (600000000.0, 0.8), (750000000.0, 0.825)], [(1000000000.0, 1.0), (750000000.0, 0.825), (600000000.0, 0.8)], [(1000000000.0, 1.0), (600000000.0, 0.8), (750000000.0, 0.825)], [(600000000.0, 0.8), (1000000000.0, 1.0), (750000000.0, 0.825)], [(750000000.0, 0.825), (1000000000.0, 1.0), (1500000000.0, 1.2)], [(600000000.0, 0.8), (1500000000.0, 1.2), (1000000000.0, 1.0)], [(1500000000.0, 1.2), (600000000.0, 0.8), (750000000.0, 0.825)], [(600000000.0, 0.8), (750000000.0, 0.825), (1000000000.0, 1.0)], [(1500000000.0, 1.2), (600000000.0, 0.8), (750000000.0, 0.825)], [(1000000000.0, 1.0), (750000000.0, 0.825), (1500000000.0, 1.2)], [(1500000000.0, 1.2), (600000000.0, 0.8), (1000000000.0, 1.0)], [(750000000.0, 0.825), (600000000.0, 0.8), (1500000000.0, 1.2)], [(600000000.0, 0.8), (1500000000.0, 1.2), (1000000000.0, 1.0)], [(1500000000.0, 1.2), (750000000.0, 0.825), (1000000000.0, 1.0)], [(1500000000.0, 1.2), (600000000.0, 0.8), (1000000000.0, 1.0)], [(750000000.0, 0.825), (1000000000.0, 1.0), (600000000.0, 0.8)], [(1000000000.0, 1.0), (600000000.0, 0.8), (1500000000.0, 1.2)], [(750000000.0, 0.825), (1000000000.0, 1.0), (1500000000.0, 1.2)], [(1500000000.0, 1.2), (600000000.0, 0.8), (750000000.0, 0.825)], [(600000000.0, 0.8), (750000000.0, 0.825), (1500000000.0, 1.2)], [(1000000000.0, 1.0), (1500000000.0, 1.2), (600000000.0, 0.8)], [(600000000.0, 0.8), (750000000.0, 0.825), (1000000000.0, 1.0)], [(750000000.0, 0.825), (1000000000.0, 1.0), (600000000.0, 0.8)], [(1500000000.0, 1.2), (1000000000.0, 1.0), (600000000.0, 0.8)], [(750000000.0, 0.825), (1000000000.0, 1.0), (600000000.0, 0.8)], [(1000000000.0, 1.0), (1500000000.0, 1.2), (600000000.0, 0.8)], [(1000000000.0, 1.0), (1500000000.0, 1.2), (750000000.0, 0.825)], [(1500000000.0, 1.2), (750000000.0, 0.825), (1000000000.0, 1.0)], [(1000000000.0, 1.0), (1500000000.0, 1.2), (600000000.0, 0.8)], [(600000000.0, 0.8), (750000000.0, 0.825), (1500000000.0, 1.2)], [(600000000.0, 0.8), (750000000.0, 0.825), (1500000000.0, 1.2)], [(750000000.0, 0.825), (1500000000.0, 1.2), (600000000.0, 0.8)], [(600000000.0, 0.8), (1500000000.0, 1.2), (750000000.0, 0.825)], [(600000000.0, 0.8), (1500000000.0, 1.2), (750000000.0, 0.825)], [(750000000.0, 0.825), (1500000000.0, 1.2), (1000000000.0, 1.0)], [(1000000000.0, 1.0), (1500000000.0, 1.2), (750000000.0, 0.825)], [(1000000000.0, 1.0), (750000000.0, 0.825), (1500000000.0, 1.2)], [(1000000000.0, 1.0), (1500000000.0, 1.2), (600000000.0, 0.8)], [(600000000.0, 0.8), (750000000.0, 0.825), (1000000000.0, 1.0)], [(1000000000.0, 1.0), (750000000.0, 0.825), (1500000000.0, 1.2)], [(600000000.0, 0.8), (1500000000.0, 1.2), (750000000.0, 0.825)], [(750000000.0, 0.825), (600000000.0, 0.8), (1000000000.0, 1.0)], [(600000000.0, 0.8), (750000000.0, 0.825), (1500000000.0, 1.2)], [(1000000000.0, 1.0), (1500000000.0, 1.2), (750000000.0, 0.825)], [(750000000.0, 0.825), (600000000.0, 0.8), (1500000000.0, 1.2)], [(600000000.0, 0.8), (1500000000.0, 1.2), (1000000000.0, 1.0)], [(1500000000.0, 1.2), (750000000.0, 0.825), (600000000.0, 0.8)], [(1000000000.0, 1.0), (1500000000.0, 1.2), (600000000.0, 0.8)], [(1500000000.0, 1.2), (600000000.0, 0.8), (750000000.0, 0.825)], [(1000000000.0, 1.0), (600000000.0, 0.8), (1500000000.0, 1.2)], [(750000000.0, 0.825), (1000000000.0, 1.0), (1500000000.0, 1.2)], [(1000000000.0, 1.0), (600000000.0, 0.8), (1500000000.0, 1.2)], [(750000000.0, 0.825), (1000000000.0, 1.0), (1500000000.0, 1.2)], [(750000000.0, 0.825), (1000000000.0, 1.0), (600000000.0, 0.8)], [(1500000000.0, 1.2), (750000000.0, 0.825), (600000000.0, 0.8)], [(750000000.0, 0.825), (1000000000.0, 1.0), (1500000000.0, 1.2)], [(750000000.0, 0.825), (1000000000.0, 1.0), (1500000000.0, 1.2)], [(1500000000.0, 1.2), (600000000.0, 0.8), (1000000000.0, 1.0)], [(1000000000.0, 1.0), (1500000000.0, 1.2), (600000000.0, 0.8)], [(600000000.0, 0.8), (750000000.0, 0.825), (1000000000.0, 1.0)]]",-1.0,"[1.6846486361073918e-09, 1.7576852348167585e-09, 1.625376874842233e-09, 1.7795136165632043e-09, 1.5335073583448902e-09, 1.8954824485623035e-09, 1.539425109858147e-09, 1.88026583353292e-09, 1.8546297207094044e-09, 1.5887591260193325e-09, 1.8348124847946055e-09, 1.66956303095854e-09, 1.769288254541131e-09, 1.5181468461139053e-09, 1.875585573478916e-09, 1.5865984469063797e-09, 1.8024063158346288e-09, 1.6079754170159337e-09, 1.8145453598782447e-09, 1.9992175685672167e-09, 1.917838368706521e-09, 1.940309375967145e-09, 1.809327108002937e-09, 1.642909481128886e-09, 1.9212291159347475e-09, 1.6028317933427988e-09, 1.9663456856984267e-09, 1.7952356228940523e-09, 1.824847767563549e-09, 1.8337295474523665e-09, 1.5899211550672027e-09, 1.73915478001127e-09, 1.7844267835716738e-09, 1.8880058827970887e-09, 1.796001627092433e-09, 1.7126325946966782e-09, 1.71943461988058e-09, 1.733672665015367e-09, 1.8801835426706577e-09, 1.9485784925566105e-09, 1.5286235952861235e-09, 1.539215658030721e-09, 1.5155282907795305e-09, 1.742963168800695e-09, 1.6430743690303551e-09, 1.5954304613806386e-09, 1.9478793500772917e-09, 1.6172031015558638e-09, 1.7744826891940104e-09, 1.9806151133826998e-09, 1.870527793623584e-09, 1.5933786243811613e-09, 1.8278386206379707e-09, 1.5812693513153202e-09, 1.6238307526970985e-09, 1.7812808776381994e-09, 1.960433630042381e-09, 1.8476524277040485e-09, 1.6003706932104066e-09, 1.6714106999945606e-09, 1.6960095347568618e-09, 1.5989721122872524e-09, 1.5203996462447439e-09, 1.9082717009322195e-09]","[0.5499999999999999, 0.5499999999999999, 0.65, 0.65, 0.5499999999999999, 0.65, 0.5499999999999999, 0.5499999999999999, 0.75, 0.75, 0.65, 0.5499999999999999, 0.75, 0.5499999999999999, 0.5499999999999999, 0.75, 0.65, 0.65, 0.75, 0.65, 0.75, 0.5499999999999999, 0.5499999999999999, 0.75, 0.65, 0.65, 0.65, 0.75, 0.5499999999999999, 0.5499999999999999, 0.75, 0.75, 0.75, 0.75, 0.5499999999999999, 0.65, 0.5499999999999999, 0.65, 0.65, 0.75, 0.5499999999999999, 0.5499999999999999, 0.75, 0.75, 0.5499999999999999, 0.75, 0.65, 0.75, 0.5499999999999999, 0.65, 0.65, 0.5499999999999999, 0.75, 0.5499999999999999, 0.75, 0.75, 0.5499999999999999, 0.75, 0.65, 0.75, 0.75, 0.5499999999999999, 0.5499999999999999, 0.75]",-1.0,-1,0.1729909827350192,"[4, 3, 2]",0,1,mec29
30,mec,64,"[[(1500000000.0, 1.2), (750000000.0, 0.825), (1000000000.0, 1.0)], [(1500000000.0, 1.2), (750000000.0, 0.825), (1000000000.0, 1.0)], [(600000000.0, 0.8), (750000000.0, 0.825), (1500000000.0, 1.2)], [(1500000000.0, 1.2), (1000000000.0, 1.0), (600000000.0, 0.8)], [(1500000000.0, 1.2), (1000000000.0, 1.0), (750000000.0, 0.825)], [(600000000.0, 0.8), (1500000000.0, 1.2), (750000000.0, 0.825)], [(600000000.0, 0.8), (750000000.0, 0.825), (1500000000.0, 1.2)], [(1000000000.0, 1.0), (750000000.0, 0.825), (600000000.0, 0.8)], [(750000000.0, 0.825), (1500000000.0, 1.2), (1000000000.0, 1.0)], [(750000000.0, 0.825), (600000000.0, 0.8), (1500000000.0, 1.2)], [(1000000000.0, 1.0), (600000000.0, 0.8), (750000000.0, 0.825)], [(750000000.0, 0.825), (1500000000.0, 1.2), (600000000.0, 0.8)], [(1500000000.0, 1.2), (750000000.0, 0.825), (600000000.0, 0.8)], [(1500000000.0, 1.2), (600000000.0, 0.8), (1000000000.0, 1.0)], [(1000000000.0, 1.0), (600000000.0, 0.8), (750000000.0, 0.825)], [(600000000.0, 0.8), (750000000.0, 0.825), (1500000000.0, 1.2)], [(1000000000.0, 1.0), (600000000.0, 0.8), (1500000000.0, 1.2)], [(1000000000.0, 1.0), (600000000.0, 0.8), (1500000000.0, 1.2)], [(750000000.0, 0.825), (600000000.0, 0.8), (1500000000.0, 1.2)], [(1000000000.0, 1.0), (600000000.0, 0.8), (750000000.0, 0.825)], [(750000000.0, 0.825), (600000000.0, 0.8), (1000000000.0, 1.0)], [(600000000.0, 0.8), (750000000.0, 0.825), (1500000000.0, 1.2)], [(600000000.0, 0.8), (750000000.0, 0.825), (1000000000.0, 1.0)], [(600000000.0, 0.8), (750000000.0, 0.825), (1500000000.0, 1.2)], [(600000000.0, 0.8), (1000000000.0, 1.0), (1500000000.0, 1.2)], [(1500000000.0, 1.2), (1000000000.0, 1.0), (750000000.0, 0.825)], [(1000000000.0, 1.0), (600000000.0, 0.8), (1500000000.0, 1.2)], [(1000000000.0, 1.0), (750000000.0, 0.825), (600000000.0, 0.8)], [(1000000000.0, 1.0), (750000000.0, 0.825), (600000000.0, 0.8)], [(600000000.0, 0.8), (750000000.0, 0.825), (1500000000.0, 1.2)], [(1500000000.0, 1.2), (750000000.0, 0.825), (600000000.0, 0.8)], [(1500000000.0, 1.2), (600000000.0, 0.8), (1000000000.0, 1.0)], [(750000000.0, 0.825), (1000000000.0, 1.0), (600000000.0, 0.8)], [(1000000000.0, 1.0), (750000000.0, 0.825), (600000000.0, 0.8)], [(600000000.0, 0.8), (1000000000.0, 1.0), (750000000.0, 0.825)], [(1000000000.0, 1.0), (600000000.0, 0.8), (1500000000.0, 1.2)], [(600000000.0, 0.8), (1500000000.0, 1.2), (1000000000.0, 1.0)], [(1000000000.0, 1.0), (1500000000.0, 1.2), (750000000.0, 0.825)], [(1000000000.0, 1.0), (1500000000.0, 1.2), (750000000.0, 0.825)], [(1500000000.0, 1.2), (1000000000.0, 1.0), (600000000.0, 0.8)], [(600000000.0, 0.8), (1500000000.0, 1.2), (750000000.0, 0.825)], [(600000000.0, 0.8), (1500000000.0, 1.2), (750000000.0, 0.825)], [(1000000000.0, 1.0), (600000000.0, 0.8), (750000000.0, 0.825)], [(600000000.0, 0.8), (1000000000.0, 1.0), (750000000.0, 0.825)], [(750000000.0, 0.825), (1000000000.0, 1.0), (1500000000.0, 1.2)], [(750000000.0, 0.825), (1500000000.0, 1.2), (1000000000.0, 1.0)], [(1500000000.0, 1.2), (1000000000.0, 1.0), (750000000.0, 0.825)], [(1500000000.0, 1.2), (750000000.0, 0.825), (1000000000.0, 1.0)], [(1000000000.0, 1.0), (750000000.0, 0.825), (600000000.0, 0.8)], [(750000000.0, 0.825), (1000000000.0, 1.0), (600000000.0, 0.8)], [(600000000.0, 0.8), (750000000.0, 0.825), (1000000000.0, 1.0)], [(600000000.0, 0.8), (1000000000.0, 1.0), (750000000.0, 0.825)], [(750000000.0, 0.825), (600000000.0, 0.8), (1500000000.0, 1.2)], [(750000000.0, 0.825), (600000000.0, 0.8), (1500000000.0, 1.2)], [(1500000000.0, 1.2), (1000000000.0, 1.0), (750000000.0, 0.825)], [(1000000000.0, 1.0), (600000000.0, 0.8), (1500000000.0, 1.2)], [(750000000.0, 0.825), (600000000.0, 0.8), (1000000000.0, 1.0)], [(600000000.0, 0.8), (1500000000.0, 1.2), (750000000.0, 0.825)], [(750000000.0, 0.825), (1000000000.0, 1.0), (600000000.0, 0.8)], [(1500000000.0, 1.2), (600000000.0, 0.8), (1000000000.0, 1.0)], [(750000000.0, 0.825), (600000000.0, 0.8), (1500000000.0, 1.2)], [(750000000.0, 0.825), (600000000.0, 0.8), (1500000000.0, 1.2)], [(1000000000.0, 1.0), (750000000.0, 0.825), (600000000.0, 0.8)], [(1000000000.0, 1.0), (1500000000.0, 1.2), (750000000.0, 0.825)]]",-1.0,"[1.8759250358533746e-09, 1.7368023334829005e-09, 1.513037039002509e-09, 1.620589441786112e-09, 1.5082827324670044e-09, 1.5287021769113083e-09, 1.748294842323993e-09, 1.7315696610181022e-09, 1.9734623405759696e-09, 1.5968149458561967e-09, 1.546562840597476e-09, 1.7925193752292003e-09, 1.5271414569398485e-09, 1.9122574073604075e-09, 1.7489192585972032e-09, 1.89905327156527e-09, 1.924837356598602e-09, 1.8467849535032164e-09, 1.7981736344116502e-09, 1.8444358486752562e-09, 1.7353942157171406e-09, 1.961954015604834e-09, 1.818912448075425e-09, 1.9283143429944933e-09, 1.9918169401649554e-09, 1.7965901104499833e-09, 1.5438331888388766e-09, 1.8497984324527028e-09, 1.56317659394997e-09, 1.6424049557435426e-09, 1.9334401907488413e-09, 1.5623123193539975e-09, 1.7625309970110331e-09, 1.7279005610504292e-09, 1.7730459464908061e-09, 1.9030588036469366e-09, 1.501232360592189e-09, 1.9462432244639653e-09, 1.7586691193271633e-09, 1.866481583653536e-09, 1.6956780727215737e-09, 1.8027509309342833e-09, 1.5451331346474457e-09, 1.8855530649906664e-09, 1.5865115042639138e-09, 1.7444500212946861e-09, 1.913439928879235e-09, 1.6711754724659095e-09, 1.9860125738447242e-09, 1.523408254842562e-09, 1.9453547299610525e-09, 1.953358303423375e-09, 1.600705127771842e-09, 1.991032068759189e-09, 1.7436880689440226e-09, 1.7793207260641706e-09, 1.7359744938533153e-09, 1.9582345615468147e-09, 1.8204385389335134e-09, 1.5896985971581017e-09, 1.8793917090026415e-09, 1.9554159354386485e-09, 1.8058704288973769e-09, 1.864540502018549e-09]","[0.65, 0.75, 0.65, 0.65, 0.65, 0.75, 0.5499999999999999, 0.65, 0.5499999999999999, 0.75, 0.65, 0.5499999999999999, 0.75, 0.75, 0.65, 0.65, 0.75, 0.5499999999999999, 0.65, 0.65, 0.65, 0.65, 0.75, 0.5499999999999999, 0.5499999999999999, 0.65, 0.75, 0.75, 0.65, 0.75, 0.65, 0.65, 0.5499999999999999, 0.65, 0.65, 0.5499999999999999, 0.75, 0.5499999999999999, 0.5499999999999999, 0.65, 0.75, 0.5499999999999999, 0.5499999999999999, 0.5499999999999999, 0.65, 0.65, 0.65, 0.5499999999999999, 0.65, 0.5499999999999999, 0.65, 0.5499999999999999, 0.75, 0.5499999999999999, 0.65, 0.5499999999999999, 0.65, 0.65, 0.75, 0.75, 0.75, 0.5499999999999999, 0.65, 0.65]",-1.0,-1,0.4971819384155707,"[3, 4, 2]",1,1,mec30
31,cloud,128,"[[(3900000000.0, 24.28), (2800000000.0, 13.85), (5000000000.0, 36)], [(5000000000.0, 36), (3900000000.0, 24.28), (2800000000.0, 13.85)], [(2800000000.0, 13.85), (3900000000.0, 24.28), (5000000000.0, 36)], [(2800000000.0, 13.85), (5000000000.0, 36), (3900000000.0, 24.28)], [(2800000000.0, 13.85), (3900000000.0, 24.28), (5000000000.0, 36)], [(2800000000.0, 13.85), (3900000000.0, 24.28), (5000000000.0, 36)], [(5000000000.0, 36), (3900000000.0, 24.28), (2800000000.0, 13.85)], [(2800000000.0, 13.85), (5000000000.0, 36), (3900000000.0, 24.28)], [(2800000000.0, 13.85), (5000000000.0, 36), (3900000000.0, 24.28)], [(5000000000.0, 36), (2800000000.0, 13.85), (3900000000.0, 24.28)], [(3900000000.0, 24.28), (2800000000.0, 13.85), (5000000000.0, 36)], [(2800000000.0, 13.85), (3900000000.0, 24.28), (5000000000.0, 36)], [(2800000000.0, 13.85), (3900000000.0, 24.28), (5000000000.0, 36)], [(2800000000.0, 13.85), (5000000000.0, 36), (3900000000.0, 24.28)], [(2800000000.0, 13.85), (5000000000.0, 36), (3900000000.0, 24.28)], [(5000000000.0, 36), (2800000000.0, 13.85), (3900000000.0, 24.28)], [(5000000000.0, 36), (2800000000.0, 13.85), (3900000000.0, 24.28)], [(5000000000.0, 36), (2800000000.0, 13.85), (3900000000.0, 24.28)], [(5000000000.0, 36), (2800000000.0, 13.85), (3900000000.0, 24.28)], [(2800000000.0, 13.85), (5000000000.0, 36), (3900000000.0, 24.28)], [(3900000000.0, 24.28), (2800000000.0, 13.85), (5000000000.0, 36)], [(5000000000.0, 36), (2800000000.0, 13.85), (3900000000.0, 24.28)], [(5000000000.0, 36), (3900000000.0, 24.28), (2800000000.0, 13.85)], [(5000000000.0, 36), (3900000000.0, 24.28), (2800000000.0, 13.85)], [(3900000000.0, 24.28), (5000000000.0, 36), (2800000000.0, 13.85)], [(3900000000.0, 24.28), (5000000000.0, 36), (2800000000.0, 13.85)], [(5000000000.0, 36), (3900000000.0, 24.28), (2800000000.0, 13.85)], [(3900000000.0, 24.28), (5000000000.0, 36), (2800000000.0, 13.85)], [(3900000000.0, 24.28), (5000000000.0, 36), (2800000000.0, 13.85)], [(3900000000.0, 24.28), (2800000000.0, 13.85), (5000000000.0, 36)], [(5000000000.0, 36), (3900000000.0, 24.28), (2800000000.0, 13.85)], [(2800000000.0, 13.85), (5000000000.0, 36), (3900000000.0, 24.28)], [(3900000000.0, 24.28), (5000000000.0, 36), (2800000000.0, 13.85)], [(5000000000.0, 36), (2800000000.0, 13.85), (3900000000.0, 24.28)], [(2800000000.0, 13.85), (3900000000.0, 24.28), (5000000000.0, 36)], [(2800000000.0, 13.85), (3900000000.0, 24.28), (5000000000.0, 36)], [(2800000000.0, 13.85), (5000000000.0, 36), (3900000000.0, 24.28)], [(3900000000.0, 24.28), (2800000000.0, 13.85), (5000000000.0, 36)], [(5000000000.0, 36), (2800000000.0, 13.85), (3900000000.0, 24.28)], [(2800000000.0, 13.85), (5000000000.0, 36), (3900000000.0, 24.28)], [(5000000000.0, 36), (2800000000.0, 13.85), (3900000000.0, 24.28)], [(2800000000.0, 13.85), (3900000000.0, 24.28), (5000000000.0, 36)], [(3900000000.0, 24.28), (2800000000.0, 13.85), (5000000000.0, 36)], [(2800000000.0, 13.85), (3900000000.0, 24.28), (5000000000.0, 36)], [(5000000000.0, 36), (3900000000.0, 24.28), (2800000000.0, 13.85)], [(3900000000.0, 24.28), (2800000000.0, 13.85), (5000000000.0, 36)], [(3900000000.0, 24.28), (2800000000.0, 13.85), (5000000000.0, 36)], [(3900000000.0, 24.28), (2800000000.0, 13.85), (5000000000.0, 36)], [(3900000000.0, 24.28), (5000000000.0, 36), (2800000000.0, 13.85)], [(5000000000.0, 36), (2800000000.0, 13.85), (3900000000.0, 24.28)], [(5000000000.0, 36), (2800000000.0, 13.85), (3900000000.0, 24.28)], [(3900000000.0, 24.28), (2800000000.0, 13.85), (5000000000.0, 36)], [(2800000000.0, 13.85), (3900000000.0, 24.28), (5000000000.0, 36)], [(3900000000.0, 24.28), (5000000000.0, 36), (2800000000.0, 13.85)], [(5000000000.0, 36), (2800000000.0, 13.85), (3900000000.0, 24.28)], [(5000000000.0, 36), (3900000000.0, 24.28), (2800000000.0, 13.85)], [(5000000000.0, 36), (2800000000.0, 13.85), (3900000000.0, 24.28)], [(2800000000.0, 13.85), (5000000000.0, 36), (3900000000.0, 24.28)], [(5000000000.0, 36), (2800000000.0, 13.85), (3900000000.0, 24.28)], [(2800000000.0, 13.85), (5000000000.0, 36), (3900000000.0, 24.28)], [(5000000000.0, 36), (3900000000.0, 24.28), (2800000000.0, 13.85)], [(2800000000.0, 13.85), (5000000000.0, 36), (3900000000.0, 24.28)], [(5000000000.0, 36), (3900000000.0, 24.28), (2800000000.0, 13.85)], [(5000000000.0, 36), (2800000000.0, 13.85), (3900000000.0, 24.28)], [(5000000000.0, 36), (3900000000.0, 24.28), (2800000000.0, 13.85)], [(5000000000.0, 36), (2800000000.0, 13.85), (3900000000.0, 24.28)], [(2800000000.0, 13.85), (5000000000.0, 36), (3900000000.0, 24.28)], [(3900000000.0, 24.28), (5000000000.0, 36), (2800000000.0, 13.85)], [(5000000000.0, 36), (2800000000.0, 13.85), (3900000000.0, 24.28)], [(2800000000.0, 13.85), (5000000000.0, 36), (3900000000.0, 24.28)], [(5000000000.0, 36), (3900000000.0, 24.28), (2800000000.0, 13.85)], [(2800000000.0, 13.85), (3900000000.0, 24.28), (5000000000.0, 36)], [(2800000000.0, 13.85), (5000000000.0, 36), (3900000000.0, 24.28)], [(3900000000.0, 24.28), (2800000000.0, 13.85), (5000000000.0, 36)], [(5000000000.0, 36), (3900000000.0, 24.28), (2800000000.0, 13.85)], [(2800000000.0, 13.85), (3900000000.0, 24.28), (5000000000.0, 36)], [(2800000000.0, 13.85), (5000000000.0, 36), (3900000000.0, 24.28)], [(2800000000.0, 13.85), (3900000000.0, 24.28), (5000000000.0, 36)], [(5000000000.0, 36), (3900000000.0, 24.28), (2800000000.0, 13.85)], [(3900000000.0, 24.28), (5000000000.0, 36), (2800000000.0, 13.85)], [(2800000000.0, 13.85), (5000000000.0, 36), (3900000000.0, 24.28)], [(2800000000.0, 13.85), (5000000000.0, 36), (3900000000.0, 24.28)], [(2800000000.0, 13.85), (5000000000.0, 36), (3900000000.0, 24.28)], [(2800000000.0, 13.85), (5000000000.0, 36), (3900000000.0, 24.28)], [(5000000000.0, 36), (2800000000.0, 13.85), (3900000000.0, 24.28)], [(2800000000.0, 13.85), (3900000000.0, 24.28), (5000000000.0, 36)], [(3900000000.0, 24.28), (2800000000.0, 13.85), (5000000000.0, 36)], [(3900000000.0, 24.28), (5000000000.0, 36), (2800000000.0, 13.85)], [(5000000000.0, 36), (3900000000.0, 24.28), (2800000000.0, 13.85)], [(5000000000.0, 36), (2800000000.0, 13.85), (3900000000.0, 24.28)], [(2800000000.0, 13.85), (3900000000.0, 24.28), (5000000000.0, 36)], [(5000000000.0, 36), (3900000000.0, 24.28), (2800000000.0, 13.85)], [(3900000000.0, 24.28), (2800000000.0, 13.85), (5000000000.0, 36)], [(3900000000.0, 24.28), (2800000000.0, 13.85), (5000000000.0, 36)], [(3900000000.0, 24.28), (5000000000.0, 36), (2800000000.0, 13.85)], [(5000000000.0, 36), (3900000000.0, 24.28), (2800000000.0, 13.85)], [(5000000000.0, 36), (2800000000.0, 13.85), (3900000000.0, 24.28)], [(3900000000.0, 24.28), (2800000000.0, 13.85), (5000000000.0, 36)], [(3900000000.0, 24.28), (2800000000.0, 13.85), (5000000000.0, 36)], [(2800000000.0, 13.85), (5000000000.0, 36), (3900000000.0, 24.28)], [(5000000000.0, 36), (3900000000.0, 24.28), (2800000000.0, 13.85)], [(5000000000.0, 36), (3900000000.0, 24.28), (2800000000.0, 13.85)], [(3900000000.0, 24.28), (5000000000.0, 36), (2800000000.0, 13.85)], [(3900000000.0, 24.28), (2800000000.0, 13.85), (5000000000.0, 36)], [(3900000000.0, 24.28), (2800000000.0, 13.85), (5000000000.0, 36)], [(5000000000.0, 36), (2800000000.0, 13.85), (3900000000.0, 24.28)], [(3900000000.0, 24.28), (2800000000.0, 13.85), (5000000000.0, 36)], [(3900000000.0, 24.28), (5000000000.0, 36), (2800000000.0, 13.85)], [(2800000000.0, 13.85), (5000000000.0, 36), (3900000000.0, 24.28)], [(5000000000.0, 36), (2800000000.0, 13.85), (3900000000.0, 24.28)], [(3900000000.0, 24.28), (5000000000.0, 36), (2800000000.0, 13.85)], [(3900000000.0, 24.28), (2800000000.0, 13.85), (5000000000.0, 36)], [(2800000000.0, 13.85), (5000000000.0, 36), (3900000000.0, 24.28)], [(2800000000.0, 13.85), (3900000000.0, 24.28), (5000000000.0, 36)], [(2800000000.0, 13.85), (5000000000.0, 36), (3900000000.0, 24.28)], [(5000000000.0, 36), (3900000000.0, 24.28), (2800000000.0, 13.85)], [(5000000000.0, 36), (2800000000.0, 13.85), (3900000000.0, 24.28)], [(2800000000.0, 13.85), (5000000000.0, 36), (3900000000.0, 24.28)], [(5000000000.0, 36), (2800000000.0, 13.85), (3900000000.0, 24.28)], [(2800000000.0, 13.85), (3900000000.0, 24.28), (5000000000.0, 36)], [(5000000000.0, 36), (3900000000.0, 24.28), (2800000000.0, 13.85)], [(3900000000.0, 24.28), (2800000000.0, 13.85), (5000000000.0, 36)], [(3900000000.0, 24.28), (5000000000.0, 36), (2800000000.0, 13.85)], [(3900000000.0, 24.28), (2800000000.0, 13.85), (5000000000.0, 36)], [(3900000000.0, 24.28), (5000000000.0, 36), (2800000000.0, 13.85)], [(5000000000.0, 36), (3900000000.0, 24.28), (2800000000.0, 13.85)], [(2800000000.0, 13.85), (5000000000.0, 36), (3900000000.0, 24.28)], [(3900000000.0, 24.28), (5000000000.0, 36), (2800000000.0, 13.85)]]",-1.0,"[4.645171768498589e-09, 4.93723617486101e-09, 3.0660180551752285e-09, 3.991437735948577e-09, 4.8974636302341765e-09, 4.6926803507751345e-09, 4.992554909285703e-09, 4.2500825358630125e-09, 4.907333359561705e-09, 4.418894650473524e-09, 4.930267906024302e-09, 4.074985113226947e-09, 3.473900460767065e-09, 3.012891822555844e-09, 3.3285988792486886e-09, 4.448149155196984e-09, 4.996755951075137e-09, 4.4824564528539815e-09, 3.3186570218642324e-09, 4.334526295783907e-09, 4.6861625099430975e-09, 4.0496158099056845e-09, 3.767657768978303e-09, 3.4748479085747217e-09, 3.1466746797862028e-09, 3.2605109231945123e-09, 3.737236656617165e-09, 4.003275854698802e-09, 3.080101105375784e-09, 4.959563504451434e-09, 3.0023415064511045e-09, 4.3279214187928765e-09, 3.485986057784006e-09, 4.5240402830282905e-09, 4.5197151243272464e-09, 3.834424354366735e-09, 4.666928404977158e-09, 3.383626393583271e-09, 3.587776344304204e-09, 3.3757416611671677e-09, 3.3089891444734305e-09, 4.830765556730511e-09, 4.1075310357478465e-09, 3.543891162687691e-09, 3.7503477453598465e-09, 3.0063533372083263e-09, 3.934763158797136e-09, 4.598832548277062e-09, 3.801917134741203e-09, 4.623121520157621e-09, 3.337245547662457e-09, 4.486436490435468e-09, 4.519815756025518e-09, 3.1831668776941816e-09, 4.2796681684709755e-09, 3.2505255378837998e-09, 3.2442906842293214e-09, 3.150621779785082e-09, 3.848949050408612e-09, 3.703706869928672e-09, 3.380092526412554e-09, 4.08146050226169e-09, 3.25083280868238e-09, 3.7160770085245277e-09, 4.6163630520626945e-09, 4.098724424496413e-09, 3.2072228624424794e-09, 4.916420564843353e-09, 3.490882892075023e-09, 3.4557778577568597e-09, 4.1029903596515176e-09, 3.1084348002352478e-09, 3.849374693185115e-09, 4.8767500824112055e-09, 4.662385422557585e-09, 3.923129329116884e-09, 4.080892225429331e-09, 3.302897324621189e-09, 3.3641991361618016e-09, 3.6411703906201787e-09, 3.7901672907828546e-09, 4.710990728054078e-09, 3.698473119474038e-09, 3.0886260758369454e-09, 3.4629219257969046e-09, 4.742028572739035e-09, 4.696670825799059e-09, 3.988994144373319e-09, 3.2271933292089015e-09, 3.3213542404091307e-09, 4.3521005380571056e-09, 4.198784363951794e-09, 4.734707915976335e-09, 4.602033349514211e-09, 4.649473361927733e-09, 3.946703068080054e-09, 4.073678878297773e-09, 4.509804510147577e-09, 3.2583169159215768e-09, 4.500245022477942e-09, 4.353437083286449e-09, 3.617215099829192e-09, 4.953813683325214e-09, 3.753239099563165e-09, 3.2823394899396486e-09, 4.452434497205619e-09, 4.602439646887059e-09, 4.520414396562373e-09, 3.01517189836347e-09, 3.675023059246426e-09, 4.2870266484913715e-09, 3.948471534599977e-09, 4.321709713529833e-09, 4.886798500189377e-09, 4.228153685471265e-09, 4.273860794797896e-09, 3.743660127888962e-09, 4.444614691120812e-09, 4.184785409189786e-09, 4.096230967914385e-09, 4.791301033747616e-09, 3.0186098589016663e-09, 3.6500411648522408e-09, 3.6240214647890883e-09, 4.474233222132082e-09, 4.278714766534238e-09, 3.505362236238714e-09, 3.564589841695787e-09]","[0.0, 0.0, 0.0, 0.0, 0.0, 0.0, 0.0, 0.0, 0.0, 0.0, 0.0, 0.0, 0.0, 0.0, 0.0, 0.0, 0.0, 0.0, 0.0, 0.0, 0.0, 0.0, 0.0, 0.0, 0.0, 0.0, 0.0, 0.0, 0.0, 0.0, 0.0, 0.0, 0.0, 0.0, 0.0, 0.0, 0.0, 0.0, 0.0, 0.0, 0.0, 0.0, 0.0, 0.0, 0.0, 0.0, 0.0, 0.0, 0.0, 0.0, 0.0, 0.0, 0.0, 0.0, 0.0, 0.0, 0.0, 0.0, 0.0, 0.0, 0.0, 0.0, 0.0, 0.0, 0.0, 0.0, 0.0, 0.0, 0.0, 0.0, 0.0, 0.0, 0.0, 0.0, 0.0, 0.0, 0.0, 0.0, 0.0, 0.0, 0.0, 0.0, 0.0, 0.0, 0.0, 0.0, 0.0, 0.0, 0.0, 0.0, 0.0, 0.0, 0.0, 0.0, 0.0, 0.0, 0.0, 0.0, 0.0, 0.0, 0.0, 0.0, 0.0, 0.0, 0.0, 0.0, 0.0, 0.0, 0.0, 0.0, 0.0, 0.0, 0.0, 0.0, 0.0, 0.0, 0.0, 0.0, 0.0, 0.0, 0.0, 0.0, 0.0, 0.0, 0.0, 0.0, 0.0, 0.0]",-1.0,-1,0.11081525692010276,"[1, 2, 3, 4]",0,1,cloud31
