id,type,num_cores,voltages_frequencies,ISL,capacitance,powerIdle,battery_capacity,battery_level,battery_now,error_rate,acceptableTasks,handleSafeTask,maxQueue,name
0,iot,4,"[[(160000000.0, 5.0), (10000000.0, 1.8), (80000000.0, 4.0)], [(80000000.0, 4.0), (160000000.0, 5.0), (20000000.0, 2.3)], [(160000000.0, 5.0), (80000000.0, 4.0), (40000000.0, 2.7)], [(40000000.0, 2.7), (20000000.0, 2.3), (160000000.0, 5.0)]]",0.1534084150693163,"[2.1400201993239793e-10, 2.961032393288874e-10, 2.2332227993876985e-10, 2.4343761872079097e-10]","[0.0009, 0.0009, 0.001, 0.001]",36820.13045563154,100,100,0.02552812848064547,"[1, 4, 3]",1,5,iot0
1,iot,8,"[[(40000000.0, 2.7), (10000000.0, 1.8), (20000000.0, 2.3)], [(80000000.0, 4.0), (20000000.0, 2.3), (10000000.0, 1.8)], [(80000000.0, 4.0), (40000000.0, 2.7), (10000000.0, 1.8)], [(40000000.0, 2.7), (10000000.0, 1.8), (160000000.0, 5.0)], [(10000000.0, 1.8), (40000000.0, 2.7), (160000000.0, 5.0)], [(10000000.0, 1.8), (80000000.0, 4.0), (160000000.0, 5.0)], [(10000000.0, 1.8), (160000000.0, 5.0), (80000000.0, 4.0)], [(160000000.0, 5.0), (40000000.0, 2.7), (20000000.0, 2.3)]]",0.15278213516513928,"[2.4444353407282935e-10, 2.69563373469117e-10, 2.1038045030919258e-10, 2.938985251265509e-10, 2.4486031320722574e-10, 2.044551051325092e-10, 2.3239637733760895e-10, 2.235595817078008e-10]","[0.0007999999999999999, 0.0007999999999999999, 0.001, 0.0007999999999999999, 0.0009, 0.001, 0.001, 0.0009]",40390.11004557524,100,100,0.018942942190153245,"[1, 2, 4]",0,5,iot1
2,iot,4,"[[(20000000.0, 2.3), (160000000.0, 5.0), (10000000.0, 1.8)], [(20000000.0, 2.3), (10000000.0, 1.8), (80000000.0, 4.0)], [(160000000.0, 5.0), (80000000.0, 4.0), (20000000.0, 2.3)], [(20000000.0, 2.3), (160000000.0, 5.0), (10000000.0, 1.8)]]",0.1997920284931466,"[2.541426584015134e-10, 2.2068080254492443e-10, 2.959395765674701e-10, 2.08991210034661e-10]","[0.0007999999999999999, 0.0009, 0.001, 0.0009]",39571.453323063964,100,100,0.04227210920914667,"[3, 1, 4]",1,5,iot2
3,iot,8,"[[(160000000.0, 5.0), (80000000.0, 4.0), (40000000.0, 2.7)], [(80000000.0, 4.0), (40000000.0, 2.7), (20000000.0, 2.3)], [(160000000.0, 5.0), (10000000.0, 1.8), (40000000.0, 2.7)], [(10000000.0, 1.8), (40000000.0, 2.7), (20000000.0, 2.3)], [(40000000.0, 2.7), (20000000.0, 2.3), (80000000.0, 4.0)], [(40000000.0, 2.7), (10000000.0, 1.8), (20000000.0, 2.3)], [(10000000.0, 1.8), (40000000.0, 2.7), (160000000.0, 5.0)], [(10000000.0, 1.8), (20000000.0, 2.3), (80000000.0, 4.0)]]",0.19852480425814542,"[2.819126738409751e-10, 2.1064173305492463e-10, 2.0399100233577516e-10, 2.5464786653904237e-10, 2.348168303660322e-10, 2.599139491303701e-10, 2.728935096024508e-10, 2.601776520840212e-10]","[0.001, 0.0009, 0.0007999999999999999, 0.0009, 0.001, 0.001, 0.001, 0.001]",38094.02136470181,100,100,0.03360601083766753,"[4, 3, 1]",1,5,iot3
4,iot,8,"[[(80000000.0, 4.0), (160000000.0, 5.0), (20000000.0, 2.3)], [(10000000.0, 1.8), (160000000.0, 5.0), (40000000.0, 2.7)], [(80000000.0, 4.0), (20000000.0, 2.3), (40000000.0, 2.7)], [(10000000.0, 1.8), (160000000.0, 5.0), (80000000.0, 4.0)], [(80000000.0, 4.0), (160000000.0, 5.0), (10000000.0, 1.8)], [(80000000.0, 4.0), (10000000.0, 1.8), (160000000.0, 5.0)], [(40000000.0, 2.7), (160000000.0, 5.0), (80000000.0, 4.0)], [(10000000.0, 1.8), (20000000.0, 2.3), (80000000.0, 4.0)]]",0.18946065084535316,"[2.5720633347496954e-10, 2.2588703434786221e-10, 2.985360937293137e-10, 2.996440839377416e-10, 2.775354701127181e-10, 2.141583889250649e-10, 2.662405806779883e-10, 2.7346588499759576e-10]","[0.0009, 0.0009, 0.0007999999999999999, 0.001, 0.0007999999999999999, 0.001, 0.0009, 0.001]",36324.448584014885,100,100,0.028885195086678098,"[3, 1, 2]",0,5,iot4
5,iot,8,"[[(40000000.0, 2.7), (80000000.0, 4.0), (160000000.0, 5.0)], [(160000000.0, 5.0), (10000000.0, 1.8), (20000000.0, 2.3)], [(80000000.0, 4.0), (10000000.0, 1.8), (40000000.0, 2.7)], [(40000000.0, 2.7), (20000000.0, 2.3), (10000000.0, 1.8)], [(80000000.0, 4.0), (10000000.0, 1.8), (160000000.0, 5.0)], [(40000000.0, 2.7), (160000000.0, 5.0), (80000000.0, 4.0)], [(80000000.0, 4.0), (20000000.0, 2.3), (160000000.0, 5.0)], [(40000000.0, 2.7), (80000000.0, 4.0), (10000000.0, 1.8)]]",0.13907259340985517,"[2.899782544683397e-10, 2.893494747707848e-10, 2.570089025330408e-10, 2.044507897414409e-10, 2.4698415896070007e-10, 2.936360580605582e-10, 2.6192904833286737e-10, 2.2345908020866865e-10]","[0.001, 0.001, 0.0009, 0.0009, 0.0009, 0.001, 0.0007999999999999999, 0.0009]",38456.54075215591,100,100,0.059663408261913416,"[2, 4, 1]",0,5,iot5
6,iot,4,"[[(10000000.0, 1.8), (80000000.0, 4.0), (20000000.0, 2.3)], [(20000000.0, 2.3), (80000000.0, 4.0), (40000000.0, 2.7)], [(40000000.0, 2.7), (160000000.0, 5.0), (10000000.0, 1.8)], [(80000000.0, 4.0), (10000000.0, 1.8), (20000000.0, 2.3)]]",0.1320403052622912,"[2.425128829781026e-10, 2.6047360889415075e-10, 2.2695869586435355e-10, 2.2244958264197378e-10]","[0.001, 0.0007999999999999999, 0.001, 0.0007999999999999999]",39068.49184082754,100,100,0.032700970413911394,"[2, 3, 1]",0,5,iot6
7,iot,4,"[[(20000000.0, 2.3), (40000000.0, 2.7), (160000000.0, 5.0)], [(10000000.0, 1.8), (20000000.0, 2.3), (40000000.0, 2.7)], [(80000000.0, 4.0), (20000000.0, 2.3), (40000000.0, 2.7)], [(20000000.0, 2.3), (80000000.0, 4.0), (40000000.0, 2.7)]]",0.10468889881074399,"[2.7029568480463674e-10, 2.848792620712269e-10, 2.7366970098018287e-10, 2.909927537657363e-10]","[0.001, 0.0007999999999999999, 0.0009, 0.0009]",40834.34733216805,100,100,0.05999544052055173,"[2, 4, 3]",0,5,iot7
8,iot,16,"[[(20000000.0, 2.3), (80000000.0, 4.0), (160000000.0, 5.0)], [(40000000.0, 2.7), (10000000.0, 1.8), (80000000.0, 4.0)], [(160000000.0, 5.0), (10000000.0, 1.8), (40000000.0, 2.7)], [(10000000.0, 1.8), (160000000.0, 5.0), (80000000.0, 4.0)], [(20000000.0, 2.3), (10000000.0, 1.8), (160000000.0, 5.0)], [(160000000.0, 5.0), (20000000.0, 2.3), (80000000.0, 4.0)], [(40000000.0, 2.7), (20000000.0, 2.3), (80000000.0, 4.0)], [(20000000.0, 2.3), (80000000.0, 4.0), (160000000.0, 5.0)], [(10000000.0, 1.8), (80000000.0, 4.0), (40000000.0, 2.7)], [(40000000.0, 2.7), (20000000.0, 2.3), (160000000.0, 5.0)], [(80000000.0, 4.0), (160000000.0, 5.0), (20000000.0, 2.3)], [(160000000.0, 5.0), (10000000.0, 1.8), (40000000.0, 2.7)], [(160000000.0, 5.0), (40000000.0, 2.7), (20000000.0, 2.3)], [(10000000.0, 1.8), (80000000.0, 4.0), (160000000.0, 5.0)], [(40000000.0, 2.7), (10000000.0, 1.8), (80000000.0, 4.0)], [(80000000.0, 4.0), (40000000.0, 2.7), (160000000.0, 5.0)]]",0.10425257763645344,"[2.382900573100874e-10, 2.8920370460040415e-10, 2.7670421141177916e-10, 2.9567176715144107e-10, 2.736911591242866e-10, 2.8591206875693677e-10, 2.669079761427994e-10, 2.876382257946415e-10, 2.5899003041727455e-10, 2.6973406915461055e-10, 2.409185959036711e-10, 2.4847070523491796e-10, 2.1792311704843607e-10, 2.8328977873673495e-10, 2.35578172122815e-10, 2.8710999165879694e-10]","[0.001, 0.0007999999999999999, 0.0007999999999999999, 0.0009, 0.0009, 0.0009, 0.0007999999999999999, 0.001, 0.0009, 0.001, 0.0007999999999999999, 0.0007999999999999999, 0.001, 0.0009, 0.001, 0.0009]",40344.93964480744,100,100,0.034877224796409693,"[2, 1, 4]",0,5,iot8
9,iot,8,"[[(160000000.0, 5.0), (40000000.0, 2.7), (20000000.0, 2.3)], [(80000000.0, 4.0), (40000000.0, 2.7), (10000000.0, 1.8)], [(80000000.0, 4.0), (160000000.0, 5.0), (40000000.0, 2.7)], [(10000000.0, 1.8), (80000000.0, 4.0), (160000000.0, 5.0)], [(10000000.0, 1.8), (80000000.0, 4.0), (20000000.0, 2.3)], [(10000000.0, 1.8), (80000000.0, 4.0), (40000000.0, 2.7)], [(80000000.0, 4.0), (40000000.0, 2.7), (160000000.0, 5.0)], [(10000000.0, 1.8), (160000000.0, 5.0), (20000000.0, 2.3)]]",0.15135004939494867,"[2.997815574451343e-10, 2.8855013052134326e-10, 2.0472383940108477e-10, 2.4258740646567787e-10, 2.3718427052611985e-10, 2.3721029963571244e-10, 2.684074544290111e-10, 2.3387300674725556e-10]","[0.0009, 0.001, 0.0009, 0.001, 0.0007999999999999999, 0.0009, 0.0007999999999999999, 0.0007999999999999999]",37333.64765377539,100,100,0.017728538527006468,"[4, 2, 1]",1,5,iot9
10,iot,4,"[[(40000000.0, 2.7), (160000000.0, 5.0), (10000000.0, 1.8)], [(10000000.0, 1.8), (20000000.0, 2.3), (80000000.0, 4.0)], [(40000000.0, 2.7), (20000000.0, 2.3), (80000000.0, 4.0)], [(10000000.0, 1.8), (160000000.0, 5.0), (80000000.0, 4.0)]]",0.13798776584230035,"[2.772727568612284e-10, 2.6777554455957956e-10, 2.758373575942588e-10, 2.1115774553378974e-10]","[0.0007999999999999999, 0.001, 0.001, 0.0009]",38162.82299419741,100,100,0.02175752027748557,"[4, 2, 3]",1,5,iot10
11,iot,16,"[[(40000000.0, 2.7), (160000000.0, 5.0), (10000000.0, 1.8)], [(10000000.0, 1.8), (40000000.0, 2.7), (20000000.0, 2.3)], [(20000000.0, 2.3), (40000000.0, 2.7), (80000000.0, 4.0)], [(160000000.0, 5.0), (20000000.0, 2.3), (40000000.0, 2.7)], [(160000000.0, 5.0), (80000000.0, 4.0), (40000000.0, 2.7)], [(20000000.0, 2.3), (160000000.0, 5.0), (10000000.0, 1.8)], [(10000000.0, 1.8), (20000000.0, 2.3), (40000000.0, 2.7)], [(20000000.0, 2.3), (80000000.0, 4.0), (40000000.0, 2.7)], [(40000000.0, 2.7), (10000000.0, 1.8), (20000000.0, 2.3)], [(40000000.0, 2.7), (160000000.0, 5.0), (20000000.0, 2.3)], [(160000000.0, 5.0), (80000000.0, 4.0), (40000000.0, 2.7)], [(80000000.0, 4.0), (160000000.0, 5.0), (10000000.0, 1.8)], [(40000000.0, 2.7), (10000000.0, 1.8), (160000000.0, 5.0)], [(10000000.0, 1.8), (20000000.0, 2.3), (80000000.0, 4.0)], [(20000000.0, 2.3), (160000000.0, 5.0), (10000000.0, 1.8)], [(10000000.0, 1.8), (20000000.0, 2.3), (40000000.0, 2.7)]]",0.17937784833544926,"[2.0529433640191676e-10, 2.9055055750346707e-10, 2.2989056853671949e-10, 2.947680750473191e-10, 2.4328708681305416e-10, 2.192386834568267e-10, 2.7873364856711437e-10, 2.8853853745769076e-10, 2.130816126121516e-10, 2.1998796446322158e-10, 2.4001637669830483e-10, 2.4809857120826726e-10, 2.484986233056697e-10, 2.2203777796498135e-10, 2.7972546266654876e-10, 2.85411424431793e-10]","[0.0007999999999999999, 0.0007999999999999999, 0.001, 0.0007999999999999999, 0.0007999999999999999, 0.0007999999999999999, 0.0007999999999999999, 0.001, 0.0007999999999999999, 0.001, 0.0007999999999999999, 0.001, 0.0007999999999999999, 0.0007999999999999999, 0.001, 0.001]",36144.175346227734,100,100,0.045825473594775255,"[2, 4, 3]",1,5,iot11
12,iot,16,"[[(80000000.0, 4.0), (40000000.0, 2.7), (160000000.0, 5.0)], [(20000000.0, 2.3), (10000000.0, 1.8), (40000000.0, 2.7)], [(20000000.0, 2.3), (40000000.0, 2.7), (80000000.0, 4.0)], [(80000000.0, 4.0), (160000000.0, 5.0), (20000000.0, 2.3)], [(20000000.0, 2.3), (80000000.0, 4.0), (10000000.0, 1.8)], [(40000000.0, 2.7), (160000000.0, 5.0), (20000000.0, 2.3)], [(10000000.0, 1.8), (20000000.0, 2.3), (160000000.0, 5.0)], [(20000000.0, 2.3), (10000000.0, 1.8), (80000000.0, 4.0)], [(80000000.0, 4.0), (40000000.0, 2.7), (160000000.0, 5.0)], [(40000000.0, 2.7), (160000000.0, 5.0), (80000000.0, 4.0)], [(40000000.0, 2.7), (160000000.0, 5.0), (20000000.0, 2.3)], [(10000000.0, 1.8), (80000000.0, 4.0), (40000000.0, 2.7)], [(80000000.0, 4.0), (40000000.0, 2.7), (20000000.0, 2.3)], [(20000000.0, 2.3), (80000000.0, 4.0), (10000000.0, 1.8)], [(160000000.0, 5.0), (80000000.0, 4.0), (10000000.0, 1.8)], [(10000000.0, 1.8), (20000000.0, 2.3), (80000000.0, 4.0)]]",0.12991253575018152,"[2.89285259756119e-10, 2.4493626367099734e-10, 2.71897176700049e-10, 2.622872438389632e-10, 2.279527673136304e-10, 2.8550005303604496e-10, 2.2048345895801672e-10, 2.340308630649535e-10, 2.2823584531120251e-10, 2.9628577785151746e-10, 2.3180896248477898e-10, 2.005290929591027e-10, 2.995660263847858e-10, 2.9197194292704905e-10, 2.4154841372014814e-10, 2.349105114746312e-10]","[0.001, 0.001, 0.0009, 0.0009, 0.001, 0.001, 0.0009, 0.001, 0.001, 0.0007999999999999999, 0.0009, 0.0007999999999999999, 0.0009, 0.001, 0.0009, 0.001]",38808.37579135024,100,100,0.019131244490852458,"[4, 1, 3]",1,5,iot12
13,iot,4,"[[(160000000.0, 5.0), (10000000.0, 1.8), (40000000.0, 2.7)], [(40000000.0, 2.7), (20000000.0, 2.3), (160000000.0, 5.0)], [(20000000.0, 2.3), (80000000.0, 4.0), (160000000.0, 5.0)], [(80000000.0, 4.0), (10000000.0, 1.8), (20000000.0, 2.3)]]",0.17465352317521768,"[2.594998104888389e-10, 2.8912937099029127e-10, 2.2287480378780755e-10, 2.556871618917576e-10]","[0.001, 0.0009, 0.0009, 0.0007999999999999999]",37952.38981986537,100,100,0.019959561774178593,"[3, 1, 4]",0,5,iot13
14,iot,4,"[[(40000000.0, 2.7), (160000000.0, 5.0), (20000000.0, 2.3)], [(40000000.0, 2.7), (20000000.0, 2.3), (10000000.0, 1.8)], [(10000000.0, 1.8), (80000000.0, 4.0), (40000000.0, 2.7)], [(40000000.0, 2.7), (80000000.0, 4.0), (20000000.0, 2.3)]]",0.18230567960305583,"[2.3958004766707727e-10, 2.676150910435282e-10, 2.671962735759376e-10, 2.320148774713142e-10]","[0.0009, 0.001, 0.001, 0.0009]",40052.559112860195,100,100,0.033718249812934566,"[4, 3, 1]",0,5,iot14
15,iot,16,"[[(20000000.0, 2.3), (80000000.0, 4.0), (10000000.0, 1.8)], [(40000000.0, 2.7), (160000000.0, 5.0), (10000000.0, 1.8)], [(20000000.0, 2.3), (10000000.0, 1.8), (40000000.0, 2.7)], [(160000000.0, 5.0), (80000000.0, 4.0), (40000000.0, 2.7)], [(20000000.0, 2.3), (40000000.0, 2.7), (160000000.0, 5.0)], [(10000000.0, 1.8), (20000000.0, 2.3), (40000000.0, 2.7)], [(10000000.0, 1.8), (80000000.0, 4.0), (40000000.0, 2.7)], [(20000000.0, 2.3), (40000000.0, 2.7), (10000000.0, 1.8)], [(80000000.0, 4.0), (10000000.0, 1.8), (160000000.0, 5.0)], [(160000000.0, 5.0), (10000000.0, 1.8), (20000000.0, 2.3)], [(10000000.0, 1.8), (160000000.0, 5.0), (20000000.0, 2.3)], [(160000000.0, 5.0), (80000000.0, 4.0), (40000000.0, 2.7)], [(40000000.0, 2.7), (80000000.0, 4.0), (20000000.0, 2.3)], [(10000000.0, 1.8), (20000000.0, 2.3), (80000000.0, 4.0)], [(20000000.0, 2.3), (160000000.0, 5.0), (10000000.0, 1.8)], [(10000000.0, 1.8), (40000000.0, 2.7), (80000000.0, 4.0)]]",0.1306502235372972,"[2.7966027001312685e-10, 2.021947767230097e-10, 2.4802127330476585e-10, 2.8069590599407607e-10, 2.549434524840663e-10, 2.580383684351567e-10, 2.3452985610249356e-10, 2.791301916738179e-10, 2.0593575082851214e-10, 2.057948216372329e-10, 2.2241107151889755e-10, 2.245225521815097e-10, 2.440193559772948e-10, 2.3160641796226146e-10, 2.825278762439251e-10, 2.7620400075797824e-10]","[0.001, 0.0007999999999999999, 0.0007999999999999999, 0.0007999999999999999, 0.001, 0.0009, 0.0007999999999999999, 0.0009, 0.0007999999999999999, 0.0009, 0.001, 0.0007999999999999999, 0.0009, 0.001, 0.001, 0.0007999999999999999]",36204.59033816052,100,100,0.01837676079485767,"[2, 4, 1]",1,5,iot15
16,iot,16,"[[(10000000.0, 1.8), (40000000.0, 2.7), (20000000.0, 2.3)], [(160000000.0, 5.0), (40000000.0, 2.7), (10000000.0, 1.8)], [(160000000.0, 5.0), (20000000.0, 2.3), (40000000.0, 2.7)], [(40000000.0, 2.7), (80000000.0, 4.0), (160000000.0, 5.0)], [(20000000.0, 2.3), (80000000.0, 4.0), (40000000.0, 2.7)], [(10000000.0, 1.8), (20000000.0, 2.3), (160000000.0, 5.0)], [(80000000.0, 4.0), (20000000.0, 2.3), (160000000.0, 5.0)], [(10000000.0, 1.8), (160000000.0, 5.0), (80000000.0, 4.0)], [(10000000.0, 1.8), (160000000.0, 5.0), (40000000.0, 2.7)], [(20000000.0, 2.3), (40000000.0, 2.7), (160000000.0, 5.0)], [(20000000.0, 2.3), (80000000.0, 4.0), (40000000.0, 2.7)], [(160000000.0, 5.0), (20000000.0, 2.3), (10000000.0, 1.8)], [(10000000.0, 1.8), (80000000.0, 4.0), (40000000.0, 2.7)], [(80000000.0, 4.0), (40000000.0, 2.7), (160000000.0, 5.0)], [(20000000.0, 2.3), (40000000.0, 2.7), (10000000.0, 1.8)], [(10000000.0, 1.8), (20000000.0, 2.3), (160000000.0, 5.0)]]",0.13835550363057084,"[2.2004057978684553e-10, 2.147189679091764e-10, 2.706618886719566e-10, 2.502792104520996e-10, 2.574149532617788e-10, 2.3436975320444673e-10, 2.0065175994836416e-10, 2.2230916957978646e-10, 2.5484664153650384e-10, 2.9151555277106505e-10, 2.680699399475876e-10, 2.685980050659736e-10, 2.843431707076742e-10, 2.767476844408303e-10, 2.6155875198375844e-10, 2.560696514042551e-10]","[0.001, 0.001, 0.0007999999999999999, 0.0009, 0.001, 0.0009, 0.0009, 0.001, 0.0009, 0.0009, 0.001, 0.0009, 0.001, 0.0007999999999999999, 0.0009, 0.001]",39066.87264648648,100,100,0.03044072596544979,"[3, 1, 4]",1,5,iot16
17,iot,4,"[[(160000000.0, 5.0), (80000000.0, 4.0), (10000000.0, 1.8)], [(80000000.0, 4.0), (10000000.0, 1.8), (20000000.0, 2.3)], [(10000000.0, 1.8), (40000000.0, 2.7), (80000000.0, 4.0)], [(160000000.0, 5.0), (80000000.0, 4.0), (20000000.0, 2.3)]]",0.14459501601098862,"[2.453817907679136e-10, 2.488258217500948e-10, 2.1595031893297547e-10, 2.458606265345824e-10]","[0.0007999999999999999, 0.0009, 0.001, 0.0007999999999999999]",38994.88191927077,100,100,0.01748513077308654,"[2, 4, 1]",1,5,iot17
18,iot,16,"[[(10000000.0, 1.8), (20000000.0, 2.3), (160000000.0, 5.0)], [(10000000.0, 1.8), (80000000.0, 4.0), (40000000.0, 2.7)], [(40000000.0, 2.7), (10000000.0, 1.8), (20000000.0, 2.3)], [(160000000.0, 5.0), (40000000.0, 2.7), (80000000.0, 4.0)], [(40000000.0, 2.7), (10000000.0, 1.8), (20000000.0, 2.3)], [(20000000.0, 2.3), (80000000.0, 4.0), (160000000.0, 5.0)], [(20000000.0, 2.3), (10000000.0, 1.8), (80000000.0, 4.0)], [(20000000.0, 2.3), (160000000.0, 5.0), (10000000.0, 1.8)], [(160000000.0, 5.0), (80000000.0, 4.0), (40000000.0, 2.7)], [(80000000.0, 4.0), (40000000.0, 2.7), (160000000.0, 5.0)], [(40000000.0, 2.7), (80000000.0, 4.0), (10000000.0, 1.8)], [(40000000.0, 2.7), (80000000.0, 4.0), (160000000.0, 5.0)], [(20000000.0, 2.3), (10000000.0, 1.8), (160000000.0, 5.0)], [(20000000.0, 2.3), (80000000.0, 4.0), (10000000.0, 1.8)], [(160000000.0, 5.0), (80000000.0, 4.0), (20000000.0, 2.3)], [(160000000.0, 5.0), (40000000.0, 2.7), (10000000.0, 1.8)]]",0.10592694880198848,"[2.310691089901107e-10, 2.1025384165617357e-10, 2.143834455051773e-10, 2.987866326692469e-10, 2.0923043846565372e-10, 2.398074475604173e-10, 2.747661152668328e-10, 2.807365248096573e-10, 2.2963442117101786e-10, 2.935841524952718e-10, 2.1817340745282492e-10, 2.6855500786840856e-10, 2.1906459738028305e-10, 2.4170018474480734e-10, 2.342348115565357e-10, 2.2108729867612005e-10]","[0.0009, 0.001, 0.0007999999999999999, 0.0009, 0.0009, 0.0009, 0.001, 0.0009, 0.0009, 0.001, 0.0009, 0.0009, 0.0007999999999999999, 0.001, 0.0007999999999999999, 0.0009]",37569.64291640603,100,100,0.04123453508283482,"[3, 2, 1]",1,5,iot18
19,iot,8,"[[(20000000.0, 2.3), (160000000.0, 5.0), (80000000.0, 4.0)], [(40000000.0, 2.7), (160000000.0, 5.0), (80000000.0, 4.0)], [(20000000.0, 2.3), (40000000.0, 2.7), (160000000.0, 5.0)], [(40000000.0, 2.7), (80000000.0, 4.0), (160000000.0, 5.0)], [(160000000.0, 5.0), (40000000.0, 2.7), (10000000.0, 1.8)], [(40000000.0, 2.7), (20000000.0, 2.3), (80000000.0, 4.0)], [(160000000.0, 5.0), (40000000.0, 2.7), (10000000.0, 1.8)], [(40000000.0, 2.7), (160000000.0, 5.0), (10000000.0, 1.8)]]",0.16755762531472085,"[2.4920942653643803e-10, 2.0963068613239292e-10, 2.6098638935574784e-10, 2.607167917423698e-10, 2.3382075666030207e-10, 2.5421885411814357e-10, 2.838773121645534e-10, 2.799117181451738e-10]","[0.001, 0.001, 0.0009, 0.0009, 0.0009, 0.001, 0.001, 0.0007999999999999999]",38012.82977313695,100,100,0.04300298518429307,"[4, 1, 2]",1,5,iot19
20,mec,64,"[[(750000000.0, 0.825), (1500000000.0, 1.2), (600000000.0, 0.8)], [(1000000000.0, 1.0), (750000000.0, 0.825), (1500000000.0, 1.2)], [(1000000000.0, 1.0), (1500000000.0, 1.2), (600000000.0, 0.8)], [(750000000.0, 0.825), (1500000000.0, 1.2), (600000000.0, 0.8)], [(1000000000.0, 1.0), (600000000.0, 0.8), (750000000.0, 0.825)], [(600000000.0, 0.8), (1500000000.0, 1.2), (750000000.0, 0.825)], [(1500000000.0, 1.2), (750000000.0, 0.825), (1000000000.0, 1.0)], [(600000000.0, 0.8), (1500000000.0, 1.2), (750000000.0, 0.825)], [(750000000.0, 0.825), (600000000.0, 0.8), (1500000000.0, 1.2)], [(750000000.0, 0.825), (1000000000.0, 1.0), (600000000.0, 0.8)], [(750000000.0, 0.825), (600000000.0, 0.8), (1500000000.0, 1.2)], [(600000000.0, 0.8), (750000000.0, 0.825), (1500000000.0, 1.2)], [(1500000000.0, 1.2), (1000000000.0, 1.0), (600000000.0, 0.8)], [(1000000000.0, 1.0), (600000000.0, 0.8), (750000000.0, 0.825)], [(750000000.0, 0.825), (1000000000.0, 1.0), (1500000000.0, 1.2)], [(600000000.0, 0.8), (1000000000.0, 1.0), (750000000.0, 0.825)], [(750000000.0, 0.825), (1000000000.0, 1.0), (1500000000.0, 1.2)], [(1000000000.0, 1.0), (600000000.0, 0.8), (1500000000.0, 1.2)], [(600000000.0, 0.8), (750000000.0, 0.825), (1000000000.0, 1.0)], [(600000000.0, 0.8), (750000000.0, 0.825), (1500000000.0, 1.2)], [(600000000.0, 0.8), (1500000000.0, 1.2), (750000000.0, 0.825)], [(750000000.0, 0.825), (1000000000.0, 1.0), (600000000.0, 0.8)], [(1500000000.0, 1.2), (1000000000.0, 1.0), (600000000.0, 0.8)], [(1000000000.0, 1.0), (750000000.0, 0.825), (600000000.0, 0.8)], [(600000000.0, 0.8), (1000000000.0, 1.0), (750000000.0, 0.825)], [(750000000.0, 0.825), (1500000000.0, 1.2), (1000000000.0, 1.0)], [(1500000000.0, 1.2), (600000000.0, 0.8), (750000000.0, 0.825)], [(750000000.0, 0.825), (1500000000.0, 1.2), (1000000000.0, 1.0)], [(1000000000.0, 1.0), (750000000.0, 0.825), (1500000000.0, 1.2)], [(600000000.0, 0.8), (1500000000.0, 1.2), (1000000000.0, 1.0)], [(1000000000.0, 1.0), (1500000000.0, 1.2), (600000000.0, 0.8)], [(750000000.0, 0.825), (1000000000.0, 1.0), (600000000.0, 0.8)], [(600000000.0, 0.8), (1500000000.0, 1.2), (750000000.0, 0.825)], [(750000000.0, 0.825), (600000000.0, 0.8), (1500000000.0, 1.2)], [(1000000000.0, 1.0), (600000000.0, 0.8), (750000000.0, 0.825)], [(1000000000.0, 1.0), (750000000.0, 0.825), (600000000.0, 0.8)], [(1500000000.0, 1.2), (1000000000.0, 1.0), (600000000.0, 0.8)], [(600000000.0, 0.8), (750000000.0, 0.825), (1500000000.0, 1.2)], [(1000000000.0, 1.0), (600000000.0, 0.8), (750000000.0, 0.825)], [(1000000000.0, 1.0), (750000000.0, 0.825), (600000000.0, 0.8)], [(600000000.0, 0.8), (750000000.0, 0.825), (1000000000.0, 1.0)], [(750000000.0, 0.825), (1000000000.0, 1.0), (1500000000.0, 1.2)], [(1500000000.0, 1.2), (600000000.0, 0.8), (750000000.0, 0.825)], [(750000000.0, 0.825), (600000000.0, 0.8), (1500000000.0, 1.2)], [(600000000.0, 0.8), (1000000000.0, 1.0), (750000000.0, 0.825)], [(750000000.0, 0.825), (600000000.0, 0.8), (1500000000.0, 1.2)], [(750000000.0, 0.825), (600000000.0, 0.8), (1000000000.0, 1.0)], [(1000000000.0, 1.0), (1500000000.0, 1.2), (750000000.0, 0.825)], [(600000000.0, 0.8), (1500000000.0, 1.2), (750000000.0, 0.825)], [(750000000.0, 0.825), (1000000000.0, 1.0), (600000000.0, 0.8)], [(1500000000.0, 1.2), (1000000000.0, 1.0), (600000000.0, 0.8)], [(1000000000.0, 1.0), (1500000000.0, 1.2), (600000000.0, 0.8)], [(1500000000.0, 1.2), (750000000.0, 0.825), (600000000.0, 0.8)], [(750000000.0, 0.825), (600000000.0, 0.8), (1000000000.0, 1.0)], [(600000000.0, 0.8), (750000000.0, 0.825), (1000000000.0, 1.0)], [(600000000.0, 0.8), (750000000.0, 0.825), (1500000000.0, 1.2)], [(600000000.0, 0.8), (1500000000.0, 1.2), (1000000000.0, 1.0)], [(750000000.0, 0.825), (600000000.0, 0.8), (1000000000.0, 1.0)], [(750000000.0, 0.825), (600000000.0, 0.8), (1000000000.0, 1.0)], [(1000000000.0, 1.0), (600000000.0, 0.8), (750000000.0, 0.825)], [(1000000000.0, 1.0), (600000000.0, 0.8), (1500000000.0, 1.2)], [(600000000.0, 0.8), (750000000.0, 0.825), (1000000000.0, 1.0)], [(750000000.0, 0.825), (600000000.0, 0.8), (1500000000.0, 1.2)], [(1500000000.0, 1.2), (600000000.0, 0.8), (1000000000.0, 1.0)]]",-1.0,"[1.7495287649867436e-09, 1.6558037567628266e-09, 1.5439046814834374e-09, 1.8201845392625879e-09, 1.9960207774283166e-09, 1.8726329372945514e-09, 1.8017965287086813e-09, 1.669972987958353e-09, 1.997969505189608e-09, 1.8273788986563181e-09, 1.9075853388729833e-09, 1.8615721768653854e-09, 1.5933726528337358e-09, 1.5888951655036747e-09, 1.8157272548466376e-09, 1.6991815745470984e-09, 1.731359249252204e-09, 1.6798413329759777e-09, 1.5689181228759832e-09, 1.9735867892938628e-09, 1.7958050649017643e-09, 1.7251857957607536e-09, 1.6300288292174606e-09, 1.945947016406681e-09, 1.7994226260991115e-09, 1.716361762889244e-09, 1.7571107248599912e-09, 1.786152051187459e-09, 1.8780276484443752e-09, 1.5354520212707757e-09, 1.721827563743216e-09, 1.8965530847251875e-09, 1.7169939469805572e-09, 1.8801872611328885e-09, 1.6320760770810475e-09, 1.946290465022725e-09, 1.6362773628392696e-09, 1.6378384906865e-09, 1.9498888606838555e-09, 1.7597314645909814e-09, 1.7634537464040348e-09, 1.8134603490154706e-09, 1.836168660482085e-09, 1.645576284154958e-09, 1.7523461140545154e-09, 1.8290264696472797e-09, 1.6812875534982276e-09, 1.5907957688442065e-09, 1.6466465140763695e-09, 1.5397340075759144e-09, 1.5154493262652912e-09, 1.846614303192354e-09, 1.5290096237693215e-09, 1.7855605015966535e-09, 1.9135924473082854e-09, 1.5611264209428847e-09, 1.5172975767602689e-09, 1.8739439740322875e-09, 1.6555762093956028e-09, 1.902007375526709e-09, 1.6581720213972406e-09, 1.6633640187528294e-09, 1.8421232589097947e-09, 1.7891574580995405e-09]","[0.65, 0.65, 0.5499999999999999, 0.65, 0.75, 0.5499999999999999, 0.65, 0.65, 0.5499999999999999, 0.65, 0.5499999999999999, 0.65, 0.75, 0.5499999999999999, 0.75, 0.75, 0.5499999999999999, 0.5499999999999999, 0.65, 0.5499999999999999, 0.65, 0.5499999999999999, 0.65, 0.75, 0.75, 0.75, 0.65, 0.5499999999999999, 0.5499999999999999, 0.65, 0.75, 0.75, 0.75, 0.65, 0.5499999999999999, 0.75, 0.65, 0.65, 0.75, 0.5499999999999999, 0.65, 0.5499999999999999, 0.65, 0.5499999999999999, 0.5499999999999999, 0.5499999999999999, 0.5499999999999999, 0.75, 0.5499999999999999, 0.65, 0.75, 0.65, 0.75, 0.5499999999999999, 0.5499999999999999, 0.5499999999999999, 0.5499999999999999, 0.5499999999999999, 0.5499999999999999, 0.75, 0.65, 0.65, 0.75, 0.65]",-1.0,-1,-1,0.4598950009055755,"[3, 4, 2]",0,1,mec20
21,mec,32,"[[(1500000000.0, 1.2), (1000000000.0, 1.0), (600000000.0, 0.8)], [(1500000000.0, 1.2), (600000000.0, 0.8), (1000000000.0, 1.0)], [(600000000.0, 0.8), (1500000000.0, 1.2), (750000000.0, 0.825)], [(1000000000.0, 1.0), (750000000.0, 0.825), (600000000.0, 0.8)], [(1500000000.0, 1.2), (1000000000.0, 1.0), (600000000.0, 0.8)], [(750000000.0, 0.825), (600000000.0, 0.8), (1500000000.0, 1.2)], [(1000000000.0, 1.0), (600000000.0, 0.8), (1500000000.0, 1.2)], [(1500000000.0, 1.2), (1000000000.0, 1.0), (600000000.0, 0.8)], [(750000000.0, 0.825), (1500000000.0, 1.2), (600000000.0, 0.8)], [(750000000.0, 0.825), (1000000000.0, 1.0), (600000000.0, 0.8)], [(1500000000.0, 1.2), (750000000.0, 0.825), (600000000.0, 0.8)], [(1000000000.0, 1.0), (600000000.0, 0.8), (1500000000.0, 1.2)], [(1500000000.0, 1.2), (1000000000.0, 1.0), (750000000.0, 0.825)], [(1500000000.0, 1.2), (600000000.0, 0.8), (1000000000.0, 1.0)], [(600000000.0, 0.8), (1500000000.0, 1.2), (750000000.0, 0.825)], [(600000000.0, 0.8), (1500000000.0, 1.2), (750000000.0, 0.825)], [(1500000000.0, 1.2), (750000000.0, 0.825), (1000000000.0, 1.0)], [(750000000.0, 0.825), (600000000.0, 0.8), (1000000000.0, 1.0)], [(750000000.0, 0.825), (1500000000.0, 1.2), (600000000.0, 0.8)], [(750000000.0, 0.825), (600000000.0, 0.8), (1500000000.0, 1.2)], [(1000000000.0, 1.0), (600000000.0, 0.8), (1500000000.0, 1.2)], [(600000000.0, 0.8), (1500000000.0, 1.2), (1000000000.0, 1.0)], [(1500000000.0, 1.2), (1000000000.0, 1.0), (600000000.0, 0.8)], [(1000000000.0, 1.0), (1500000000.0, 1.2), (750000000.0, 0.825)], [(1000000000.0, 1.0), (750000000.0, 0.825), (1500000000.0, 1.2)], [(1500000000.0, 1.2), (1000000000.0, 1.0), (600000000.0, 0.8)], [(1000000000.0, 1.0), (750000000.0, 0.825), (600000000.0, 0.8)], [(600000000.0, 0.8), (1500000000.0, 1.2), (1000000000.0, 1.0)], [(750000000.0, 0.825), (1500000000.0, 1.2), (1000000000.0, 1.0)], [(1500000000.0, 1.2), (750000000.0, 0.825), (1000000000.0, 1.0)], [(750000000.0, 0.825), (1500000000.0, 1.2), (600000000.0, 0.8)], [(1500000000.0, 1.2), (600000000.0, 0.8), (1000000000.0, 1.0)]]",-1.0,"[1.5298930347972464e-09, 1.581507007689295e-09, 1.9137255425362807e-09, 1.6157554377883272e-09, 1.5625512053784637e-09, 1.992765172611517e-09, 1.906809192646852e-09, 1.909397671492776e-09, 1.7390571677562775e-09, 1.5059723025275457e-09, 1.7525226218169613e-09, 1.9842735161941285e-09, 1.9369863197154917e-09, 1.5972287469402404e-09, 1.6785377017398507e-09, 1.9569417444204623e-09, 1.7264758984020479e-09, 1.6432611381339323e-09, 1.901953850779119e-09, 1.8525170354923034e-09, 1.7977666439522543e-09, 1.546702951974864e-09, 1.8297532299243007e-09, 1.5273020977272013e-09, 1.5316861715202502e-09, 1.8492051378142018e-09, 1.866483742788277e-09, 1.965947120636753e-09, 1.805141432250197e-09, 1.587026761851915e-09, 1.9189326529503954e-09, 1.6115698885268964e-09]","[0.65, 0.65, 0.75, 0.65, 0.75, 0.75, 0.75, 0.75, 0.75, 0.75, 0.75, 0.75, 0.75, 0.5499999999999999, 0.75, 0.5499999999999999, 0.75, 0.5499999999999999, 0.65, 0.5499999999999999, 0.5499999999999999, 0.65, 0.75, 0.75, 0.5499999999999999, 0.65, 0.65, 0.75, 0.65, 0.65, 0.65, 0.75]",-1.0,-1,-1,0.13144626003190496,"[2, 3, 1]",1,1,mec21
22,mec,32,"[[(1000000000.0, 1.0), (750000000.0, 0.825), (1500000000.0, 1.2)], [(750000000.0, 0.825), (600000000.0, 0.8), (1000000000.0, 1.0)], [(750000000.0, 0.825), (1000000000.0, 1.0), (1500000000.0, 1.2)], [(750000000.0, 0.825), (600000000.0, 0.8), (1000000000.0, 1.0)], [(1000000000.0, 1.0), (600000000.0, 0.8), (1500000000.0, 1.2)], [(1500000000.0, 1.2), (600000000.0, 0.8), (1000000000.0, 1.0)], [(1000000000.0, 1.0), (600000000.0, 0.8), (750000000.0, 0.825)], [(750000000.0, 0.825), (1000000000.0, 1.0), (600000000.0, 0.8)], [(600000000.0, 0.8), (1000000000.0, 1.0), (750000000.0, 0.825)], [(750000000.0, 0.825), (1500000000.0, 1.2), (600000000.0, 0.8)], [(1500000000.0, 1.2), (1000000000.0, 1.0), (750000000.0, 0.825)], [(1000000000.0, 1.0), (600000000.0, 0.8), (750000000.0, 0.825)], [(600000000.0, 0.8), (1500000000.0, 1.2), (1000000000.0, 1.0)], [(600000000.0, 0.8), (750000000.0, 0.825), (1500000000.0, 1.2)], [(600000000.0, 0.8), (750000000.0, 0.825), (1500000000.0, 1.2)], [(1000000000.0, 1.0), (1500000000.0, 1.2), (600000000.0, 0.8)], [(750000000.0, 0.825), (1000000000.0, 1.0), (600000000.0, 0.8)], [(600000000.0, 0.8), (1500000000.0, 1.2), (750000000.0, 0.825)], [(750000000.0, 0.825), (1000000000.0, 1.0), (1500000000.0, 1.2)], [(750000000.0, 0.825), (600000000.0, 0.8), (1500000000.0, 1.2)], [(600000000.0, 0.8), (1000000000.0, 1.0), (1500000000.0, 1.2)], [(1000000000.0, 1.0), (750000000.0, 0.825), (1500000000.0, 1.2)], [(750000000.0, 0.825), (1500000000.0, 1.2), (1000000000.0, 1.0)], [(750000000.0, 0.825), (1500000000.0, 1.2), (600000000.0, 0.8)], [(750000000.0, 0.825), (1500000000.0, 1.2), (600000000.0, 0.8)], [(1000000000.0, 1.0), (750000000.0, 0.825), (600000000.0, 0.8)], [(1000000000.0, 1.0), (750000000.0, 0.825), (1500000000.0, 1.2)], [(1000000000.0, 1.0), (750000000.0, 0.825), (1500000000.0, 1.2)], [(1000000000.0, 1.0), (750000000.0, 0.825), (600000000.0, 0.8)], [(1000000000.0, 1.0), (750000000.0, 0.825), (1500000000.0, 1.2)], [(750000000.0, 0.825), (600000000.0, 0.8), (1500000000.0, 1.2)], [(1000000000.0, 1.0), (1500000000.0, 1.2), (750000000.0, 0.825)]]",-1.0,"[1.599818474559519e-09, 1.8574602558228223e-09, 1.7628737087667545e-09, 1.7511021733352646e-09, 1.6194968678786678e-09, 1.8405142700291272e-09, 1.7014098934516346e-09, 1.5156923312035838e-09, 1.616534617946997e-09, 1.6669478538770262e-09, 1.942618054041502e-09, 1.8819635334975903e-09, 1.6881518616651833e-09, 1.7555855648832417e-09, 1.546925808272734e-09, 1.547700807181944e-09, 1.554243944590203e-09, 1.5374400655801857e-09, 1.5922296250912168e-09, 1.5701683646302929e-09, 1.6842931801898093e-09, 1.869484979732812e-09, 1.7684168356413564e-09, 1.956091017718943e-09, 1.6037171768694832e-09, 1.639551188942492e-09, 1.923479768484279e-09, 1.6655606217891431e-09, 1.6801965629079303e-09, 1.886858164540808e-09, 1.8800753714979317e-09, 1.8056422213677108e-09]","[0.5499999999999999, 0.65, 0.75, 0.65, 0.5499999999999999, 0.5499999999999999, 0.5499999999999999, 0.5499999999999999, 0.5499999999999999, 0.75, 0.5499999999999999, 0.5499999999999999, 0.65, 0.75, 0.5499999999999999, 0.75, 0.65, 0.75, 0.65, 0.65, 0.5499999999999999, 0.75, 0.65, 0.65, 0.65, 0.5499999999999999, 0.65, 0.65, 0.5499999999999999, 0.5499999999999999, 0.75, 0.5499999999999999]",-1.0,-1,-1,0.4690956158485832,"[4, 3, 2]",1,1,mec22
23,mec,32,"[[(600000000.0, 0.8), (1500000000.0, 1.2), (1000000000.0, 1.0)], [(750000000.0, 0.825), (600000000.0, 0.8), (1500000000.0, 1.2)], [(1000000000.0, 1.0), (750000000.0, 0.825), (1500000000.0, 1.2)], [(750000000.0, 0.825), (1500000000.0, 1.2), (600000000.0, 0.8)], [(1000000000.0, 1.0), (600000000.0, 0.8), (1500000000.0, 1.2)], [(1000000000.0, 1.0), (1500000000.0, 1.2), (600000000.0, 0.8)], [(750000000.0, 0.825), (1000000000.0, 1.0), (1500000000.0, 1.2)], [(1500000000.0, 1.2), (750000000.0, 0.825), (600000000.0, 0.8)], [(600000000.0, 0.8), (750000000.0, 0.825), (1500000000.0, 1.2)], [(1000000000.0, 1.0), (1500000000.0, 1.2), (600000000.0, 0.8)], [(1500000000.0, 1.2), (600000000.0, 0.8), (750000000.0, 0.825)], [(600000000.0, 0.8), (1500000000.0, 1.2), (750000000.0, 0.825)], [(600000000.0, 0.8), (750000000.0, 0.825), (1000000000.0, 1.0)], [(1500000000.0, 1.2), (750000000.0, 0.825), (1000000000.0, 1.0)], [(1000000000.0, 1.0), (600000000.0, 0.8), (1500000000.0, 1.2)], [(1000000000.0, 1.0), (1500000000.0, 1.2), (600000000.0, 0.8)], [(1000000000.0, 1.0), (750000000.0, 0.825), (1500000000.0, 1.2)], [(1500000000.0, 1.2), (750000000.0, 0.825), (1000000000.0, 1.0)], [(1000000000.0, 1.0), (1500000000.0, 1.2), (600000000.0, 0.8)], [(1000000000.0, 1.0), (600000000.0, 0.8), (1500000000.0, 1.2)], [(1500000000.0, 1.2), (750000000.0, 0.825), (600000000.0, 0.8)], [(1000000000.0, 1.0), (1500000000.0, 1.2), (750000000.0, 0.825)], [(1500000000.0, 1.2), (600000000.0, 0.8), (1000000000.0, 1.0)], [(1500000000.0, 1.2), (1000000000.0, 1.0), (750000000.0, 0.825)], [(1000000000.0, 1.0), (600000000.0, 0.8), (1500000000.0, 1.2)], [(1000000000.0, 1.0), (600000000.0, 0.8), (1500000000.0, 1.2)], [(1000000000.0, 1.0), (1500000000.0, 1.2), (750000000.0, 0.825)], [(1500000000.0, 1.2), (1000000000.0, 1.0), (600000000.0, 0.8)], [(600000000.0, 0.8), (1500000000.0, 1.2), (750000000.0, 0.825)], [(600000000.0, 0.8), (1500000000.0, 1.2), (750000000.0, 0.825)], [(1000000000.0, 1.0), (1500000000.0, 1.2), (750000000.0, 0.825)], [(600000000.0, 0.8), (1500000000.0, 1.2), (1000000000.0, 1.0)]]",-1.0,"[1.6953348362217043e-09, 1.7552011501310676e-09, 1.730352821271804e-09, 1.6913527971396595e-09, 1.7821713565315706e-09, 1.858870529607242e-09, 1.943830576552634e-09, 1.8963817812380885e-09, 1.6790252265242793e-09, 1.797366692310569e-09, 1.924408796937062e-09, 1.8473088740687954e-09, 1.953647769128198e-09, 1.6434518532828043e-09, 1.731002174463408e-09, 1.651504062195836e-09, 1.90472015872138e-09, 1.5746456066459243e-09, 1.612797165380032e-09, 1.5533796029262496e-09, 1.6251761128219626e-09, 1.916424690601707e-09, 1.88106218618979e-09, 1.62818069952303e-09, 1.7629243584348683e-09, 1.5975124558913778e-09, 1.7229407082294858e-09, 1.6746536269134153e-09, 1.685668089156141e-09, 1.94422626621768e-09, 1.8931726313009565e-09, 1.5033941270681155e-09]","[0.65, 0.65, 0.65, 0.5499999999999999, 0.75, 0.65, 0.65, 0.75, 0.65, 0.65, 0.65, 0.5499999999999999, 0.75, 0.5499999999999999, 0.65, 0.65, 0.5499999999999999, 0.75, 0.75, 0.75, 0.75, 0.75, 0.5499999999999999, 0.5499999999999999, 0.5499999999999999, 0.5499999999999999, 0.75, 0.5499999999999999, 0.75, 0.75, 0.75, 0.65]",-1.0,-1,-1,0.34504910363156616,"[1, 2, 3]",1,1,mec23
24,mec,32,"[[(600000000.0, 0.8), (750000000.0, 0.825), (1000000000.0, 1.0)], [(1000000000.0, 1.0), (750000000.0, 0.825), (600000000.0, 0.8)], [(750000000.0, 0.825), (1500000000.0, 1.2), (600000000.0, 0.8)], [(750000000.0, 0.825), (1000000000.0, 1.0), (1500000000.0, 1.2)], [(1000000000.0, 1.0), (750000000.0, 0.825), (1500000000.0, 1.2)], [(750000000.0, 0.825), (1000000000.0, 1.0), (600000000.0, 0.8)], [(1500000000.0, 1.2), (600000000.0, 0.8), (1000000000.0, 1.0)], [(750000000.0, 0.825), (1000000000.0, 1.0), (600000000.0, 0.8)], [(1000000000.0, 1.0), (600000000.0, 0.8), (750000000.0, 0.825)], [(1000000000.0, 1.0), (600000000.0, 0.8), (750000000.0, 0.825)], [(600000000.0, 0.8), (1000000000.0, 1.0), (750000000.0, 0.825)], [(600000000.0, 0.8), (1000000000.0, 1.0), (750000000.0, 0.825)], [(1500000000.0, 1.2), (600000000.0, 0.8), (750000000.0, 0.825)], [(600000000.0, 0.8), (1000000000.0, 1.0), (1500000000.0, 1.2)], [(1000000000.0, 1.0), (600000000.0, 0.8), (750000000.0, 0.825)], [(1500000000.0, 1.2), (1000000000.0, 1.0), (750000000.0, 0.825)], [(1000000000.0, 1.0), (750000000.0, 0.825), (1500000000.0, 1.2)], [(1500000000.0, 1.2), (1000000000.0, 1.0), (600000000.0, 0.8)], [(600000000.0, 0.8), (750000000.0, 0.825), (1000000000.0, 1.0)], [(1500000000.0, 1.2), (1000000000.0, 1.0), (750000000.0, 0.825)], [(750000000.0, 0.825), (600000000.0, 0.8), (1500000000.0, 1.2)], [(600000000.0, 0.8), (750000000.0, 0.825), (1500000000.0, 1.2)], [(1000000000.0, 1.0), (600000000.0, 0.8), (750000000.0, 0.825)], [(750000000.0, 0.825), (1000000000.0, 1.0), (1500000000.0, 1.2)], [(1000000000.0, 1.0), (750000000.0, 0.825), (1500000000.0, 1.2)], [(600000000.0, 0.8), (750000000.0, 0.825), (1000000000.0, 1.0)], [(750000000.0, 0.825), (600000000.0, 0.8), (1500000000.0, 1.2)], [(1000000000.0, 1.0), (1500000000.0, 1.2), (600000000.0, 0.8)], [(1500000000.0, 1.2), (600000000.0, 0.8), (750000000.0, 0.825)], [(750000000.0, 0.825), (600000000.0, 0.8), (1500000000.0, 1.2)], [(1000000000.0, 1.0), (750000000.0, 0.825), (600000000.0, 0.8)], [(1000000000.0, 1.0), (1500000000.0, 1.2), (750000000.0, 0.825)]]",-1.0,"[1.5941286200243985e-09, 1.7380249913573391e-09, 1.5762099386216644e-09, 1.8620989684300817e-09, 1.8500428707980735e-09, 1.8808236024618794e-09, 1.955609134138272e-09, 1.6461953858429715e-09, 1.6966230538078548e-09, 1.8567786292716292e-09, 1.8293105226955754e-09, 1.744126531375219e-09, 1.86958465883092e-09, 1.6203787701493334e-09, 1.749175784892594e-09, 1.5136881253861008e-09, 1.7183682848253198e-09, 1.6784771771462993e-09, 1.7140442016446633e-09, 1.7245379358542858e-09, 1.6039559379350119e-09, 1.8033146376643871e-09, 1.6398668514715813e-09, 1.8054207431894746e-09, 1.6368174554399067e-09, 1.980964492252376e-09, 1.6197202749487532e-09, 1.615980047344571e-09, 1.823980751584162e-09, 1.6931831402898237e-09, 1.8025441474200385e-09, 1.958877119511237e-09]","[0.5499999999999999, 0.75, 0.65, 0.65, 0.75, 0.5499999999999999, 0.75, 0.75, 0.75, 0.5499999999999999, 0.5499999999999999, 0.5499999999999999, 0.65, 0.75, 0.5499999999999999, 0.5499999999999999, 0.65, 0.75, 0.75, 0.5499999999999999, 0.65, 0.65, 0.65, 0.5499999999999999, 0.5499999999999999, 0.65, 0.5499999999999999, 0.75, 0.75, 0.75, 0.5499999999999999, 0.75]",-1.0,-1,-1,0.3379020788684711,"[2, 1, 4]",0,1,mec24
25,mec,16,"[[(750000000.0, 0.825), (600000000.0, 0.8), (1000000000.0, 1.0)], [(1500000000.0, 1.2), (1000000000.0, 1.0), (600000000.0, 0.8)], [(600000000.0, 0.8), (1500000000.0, 1.2), (750000000.0, 0.825)], [(1500000000.0, 1.2), (600000000.0, 0.8), (750000000.0, 0.825)], [(600000000.0, 0.8), (1000000000.0, 1.0), (750000000.0, 0.825)], [(750000000.0, 0.825), (1500000000.0, 1.2), (1000000000.0, 1.0)], [(1000000000.0, 1.0), (1500000000.0, 1.2), (600000000.0, 0.8)], [(1000000000.0, 1.0), (600000000.0, 0.8), (1500000000.0, 1.2)], [(750000000.0, 0.825), (1500000000.0, 1.2), (1000000000.0, 1.0)], [(1500000000.0, 1.2), (750000000.0, 0.825), (1000000000.0, 1.0)], [(750000000.0, 0.825), (1500000000.0, 1.2), (1000000000.0, 1.0)], [(600000000.0, 0.8), (1500000000.0, 1.2), (1000000000.0, 1.0)], [(1500000000.0, 1.2), (600000000.0, 0.8), (1000000000.0, 1.0)], [(750000000.0, 0.825), (1500000000.0, 1.2), (600000000.0, 0.8)], [(750000000.0, 0.825), (1500000000.0, 1.2), (1000000000.0, 1.0)], [(750000000.0, 0.825), (1500000000.0, 1.2), (1000000000.0, 1.0)]]",-1.0,"[1.7224748052602525e-09, 1.5864319195928875e-09, 1.66705971852171e-09, 1.7885289007380429e-09, 1.776324937961171e-09, 1.883076745105589e-09, 1.5367693300376005e-09, 1.7610766871523414e-09, 1.5828348488890047e-09, 1.5000098278633134e-09, 1.7000778609657513e-09, 1.561244169612326e-09, 1.873205944864593e-09, 1.6309622481628143e-09, 1.8914942685987993e-09, 1.7987555840743648e-09]","[0.65, 0.75, 0.65, 0.5499999999999999, 0.5499999999999999, 0.5499999999999999, 0.5499999999999999, 0.75, 0.75, 0.75, 0.75, 0.5499999999999999, 0.65, 0.75, 0.75, 0.5499999999999999]",-1.0,-1,-1,0.25095023468187794,"[4, 2, 3]",0,1,mec25
26,mec,64,"[[(600000000.0, 0.8), (1000000000.0, 1.0), (1500000000.0, 1.2)], [(600000000.0, 0.8), (1500000000.0, 1.2), (1000000000.0, 1.0)], [(600000000.0, 0.8), (1000000000.0, 1.0), (1500000000.0, 1.2)], [(750000000.0, 0.825), (600000000.0, 0.8), (1000000000.0, 1.0)], [(1500000000.0, 1.2), (750000000.0, 0.825), (600000000.0, 0.8)], [(600000000.0, 0.8), (1500000000.0, 1.2), (1000000000.0, 1.0)], [(1500000000.0, 1.2), (1000000000.0, 1.0), (600000000.0, 0.8)], [(750000000.0, 0.825), (1000000000.0, 1.0), (600000000.0, 0.8)], [(750000000.0, 0.825), (600000000.0, 0.8), (1500000000.0, 1.2)], [(1000000000.0, 1.0), (1500000000.0, 1.2), (600000000.0, 0.8)], [(600000000.0, 0.8), (1500000000.0, 1.2), (750000000.0, 0.825)], [(1500000000.0, 1.2), (750000000.0, 0.825), (600000000.0, 0.8)], [(1000000000.0, 1.0), (1500000000.0, 1.2), (600000000.0, 0.8)], [(1500000000.0, 1.2), (600000000.0, 0.8), (750000000.0, 0.825)], [(600000000.0, 0.8), (1500000000.0, 1.2), (1000000000.0, 1.0)], [(1000000000.0, 1.0), (600000000.0, 0.8), (1500000000.0, 1.2)], [(750000000.0, 0.825), (1000000000.0, 1.0), (1500000000.0, 1.2)], [(750000000.0, 0.825), (1000000000.0, 1.0), (600000000.0, 0.8)], [(600000000.0, 0.8), (1000000000.0, 1.0), (1500000000.0, 1.2)], [(1500000000.0, 1.2), (750000000.0, 0.825), (1000000000.0, 1.0)], [(1000000000.0, 1.0), (1500000000.0, 1.2), (600000000.0, 0.8)], [(600000000.0, 0.8), (1500000000.0, 1.2), (1000000000.0, 1.0)], [(1500000000.0, 1.2), (750000000.0, 0.825), (600000000.0, 0.8)], [(1000000000.0, 1.0), (750000000.0, 0.825), (1500000000.0, 1.2)], [(1500000000.0, 1.2), (750000000.0, 0.825), (1000000000.0, 1.0)], [(1500000000.0, 1.2), (1000000000.0, 1.0), (750000000.0, 0.825)], [(600000000.0, 0.8), (1000000000.0, 1.0), (750000000.0, 0.825)], [(750000000.0, 0.825), (600000000.0, 0.8), (1000000000.0, 1.0)], [(1500000000.0, 1.2), (750000000.0, 0.825), (600000000.0, 0.8)], [(750000000.0, 0.825), (1500000000.0, 1.2), (600000000.0, 0.8)], [(750000000.0, 0.825), (600000000.0, 0.8), (1000000000.0, 1.0)], [(1500000000.0, 1.2), (1000000000.0, 1.0), (750000000.0, 0.825)], [(1000000000.0, 1.0), (600000000.0, 0.8), (1500000000.0, 1.2)], [(750000000.0, 0.825), (1500000000.0, 1.2), (1000000000.0, 1.0)], [(1000000000.0, 1.0), (600000000.0, 0.8), (1500000000.0, 1.2)], [(600000000.0, 0.8), (1500000000.0, 1.2), (1000000000.0, 1.0)], [(750000000.0, 0.825), (1500000000.0, 1.2), (600000000.0, 0.8)], [(1500000000.0, 1.2), (600000000.0, 0.8), (750000000.0, 0.825)], [(1000000000.0, 1.0), (600000000.0, 0.8), (1500000000.0, 1.2)], [(1000000000.0, 1.0), (750000000.0, 0.825), (1500000000.0, 1.2)], [(600000000.0, 0.8), (1500000000.0, 1.2), (750000000.0, 0.825)], [(1000000000.0, 1.0), (1500000000.0, 1.2), (750000000.0, 0.825)], [(1500000000.0, 1.2), (1000000000.0, 1.0), (750000000.0, 0.825)], [(600000000.0, 0.8), (1500000000.0, 1.2), (750000000.0, 0.825)], [(750000000.0, 0.825), (1000000000.0, 1.0), (600000000.0, 0.8)], [(600000000.0, 0.8), (750000000.0, 0.825), (1000000000.0, 1.0)], [(600000000.0, 0.8), (1500000000.0, 1.2), (1000000000.0, 1.0)], [(750000000.0, 0.825), (600000000.0, 0.8), (1000000000.0, 1.0)], [(600000000.0, 0.8), (750000000.0, 0.825), (1000000000.0, 1.0)], [(600000000.0, 0.8), (1500000000.0, 1.2), (1000000000.0, 1.0)], [(750000000.0, 0.825), (1500000000.0, 1.2), (600000000.0, 0.8)], [(750000000.0, 0.825), (1000000000.0, 1.0), (600000000.0, 0.8)], [(1000000000.0, 1.0), (600000000.0, 0.8), (1500000000.0, 1.2)], [(1000000000.0, 1.0), (750000000.0, 0.825), (600000000.0, 0.8)], [(1500000000.0, 1.2), (750000000.0, 0.825), (1000000000.0, 1.0)], [(1500000000.0, 1.2), (600000000.0, 0.8), (1000000000.0, 1.0)], [(1500000000.0, 1.2), (1000000000.0, 1.0), (600000000.0, 0.8)], [(1500000000.0, 1.2), (750000000.0, 0.825), (1000000000.0, 1.0)], [(1500000000.0, 1.2), (600000000.0, 0.8), (750000000.0, 0.825)], [(600000000.0, 0.8), (750000000.0, 0.825), (1500000000.0, 1.2)], [(1000000000.0, 1.0), (600000000.0, 0.8), (750000000.0, 0.825)], [(1500000000.0, 1.2), (750000000.0, 0.825), (1000000000.0, 1.0)], [(750000000.0, 0.825), (1500000000.0, 1.2), (600000000.0, 0.8)], [(750000000.0, 0.825), (1500000000.0, 1.2), (1000000000.0, 1.0)]]",-1.0,"[1.545906208889541e-09, 1.8398933423286068e-09, 1.6006361480900263e-09, 1.6235115847571115e-09, 1.5493917507975643e-09, 1.6443593355193815e-09, 1.757957617666583e-09, 1.8910369988696296e-09, 1.8606549093103135e-09, 1.6435841234935665e-09, 1.8871414836888998e-09, 1.98827727006296e-09, 1.8456466365681512e-09, 1.7293796502274277e-09, 1.7453424468700886e-09, 1.7777744732445794e-09, 1.7103074207228547e-09, 1.5495380198281715e-09, 1.5814275794578401e-09, 1.5168114588434354e-09, 1.703462583492598e-09, 1.5118301434941763e-09, 1.511369126925991e-09, 1.9415924944554213e-09, 1.784729526444561e-09, 1.984968617313376e-09, 1.8545218185222846e-09, 1.993383608364786e-09, 1.724252960302916e-09, 1.5722907085780224e-09, 1.9710175223654803e-09, 1.9839894206755896e-09, 1.7420979231317906e-09, 1.71662432996791e-09, 1.5272194669737653e-09, 1.5647633679433602e-09, 1.796056191017864e-09, 1.951723626187153e-09, 1.6885096175378933e-09, 1.865895807484364e-09, 1.5236656792223205e-09, 1.6566829170775429e-09, 1.5772635104778491e-09, 1.5286640357023684e-09, 1.969769739571071e-09, 1.7535574915952808e-09, 1.870363030373632e-09, 1.6365872322769818e-09, 1.5265636057718772e-09, 1.8491431685797362e-09, 1.889796606411738e-09, 1.6798126443188584e-09, 1.899099759953265e-09, 1.8493986268084892e-09, 1.570270559197007e-09, 1.8448540647735813e-09, 1.817055310953333e-09, 1.8718177690723257e-09, 1.8381531664394207e-09, 1.857054962225464e-09, 1.808156397077925e-09, 1.8243776010033073e-09, 1.512330255229323e-09, 1.7954683627850556e-09]","[0.75, 0.75, 0.75, 0.65, 0.5499999999999999, 0.5499999999999999, 0.65, 0.5499999999999999, 0.65, 0.75, 0.65, 0.65, 0.65, 0.5499999999999999, 0.65, 0.65, 0.5499999999999999, 0.75, 0.65, 0.5499999999999999, 0.5499999999999999, 0.65, 0.65, 0.5499999999999999, 0.5499999999999999, 0.75, 0.5499999999999999, 0.5499999999999999, 0.65, 0.5499999999999999, 0.5499999999999999, 0.65, 0.75, 0.75, 0.75, 0.75, 0.75, 0.5499999999999999, 0.75, 0.75, 0.65, 0.65, 0.5499999999999999, 0.5499999999999999, 0.75, 0.75, 0.75, 0.5499999999999999, 0.65, 0.75, 0.5499999999999999, 0.75, 0.75, 0.65, 0.75, 0.75, 0.65, 0.65, 0.65, 0.65, 0.5499999999999999, 0.65, 0.5499999999999999, 0.5499999999999999]",-1.0,-1,-1,0.24948907868123982,"[1, 4, 2]",0,1,mec26
27,mec,32,"[[(1500000000.0, 1.2), (600000000.0, 0.8), (750000000.0, 0.825)], [(1500000000.0, 1.2), (600000000.0, 0.8), (750000000.0, 0.825)], [(750000000.0, 0.825), (1000000000.0, 1.0), (1500000000.0, 1.2)], [(600000000.0, 0.8), (1500000000.0, 1.2), (1000000000.0, 1.0)], [(1500000000.0, 1.2), (1000000000.0, 1.0), (750000000.0, 0.825)], [(1000000000.0, 1.0), (1500000000.0, 1.2), (600000000.0, 0.8)], [(600000000.0, 0.8), (1000000000.0, 1.0), (750000000.0, 0.825)], [(750000000.0, 0.825), (600000000.0, 0.8), (1500000000.0, 1.2)], [(1500000000.0, 1.2), (750000000.0, 0.825), (1000000000.0, 1.0)], [(1000000000.0, 1.0), (600000000.0, 0.8), (1500000000.0, 1.2)], [(1500000000.0, 1.2), (600000000.0, 0.8), (1000000000.0, 1.0)], [(1500000000.0, 1.2), (750000000.0, 0.825), (1000000000.0, 1.0)], [(1000000000.0, 1.0), (600000000.0, 0.8), (750000000.0, 0.825)], [(600000000.0, 0.8), (1000000000.0, 1.0), (1500000000.0, 1.2)], [(1000000000.0, 1.0), (600000000.0, 0.8), (750000000.0, 0.825)], [(750000000.0, 0.825), (1500000000.0, 1.2), (600000000.0, 0.8)], [(1000000000.0, 1.0), (750000000.0, 0.825), (600000000.0, 0.8)], [(1500000000.0, 1.2), (600000000.0, 0.8), (1000000000.0, 1.0)], [(600000000.0, 0.8), (750000000.0, 0.825), (1500000000.0, 1.2)], [(1500000000.0, 1.2), (600000000.0, 0.8), (750000000.0, 0.825)], [(750000000.0, 0.825), (1000000000.0, 1.0), (600000000.0, 0.8)], [(750000000.0, 0.825), (1500000000.0, 1.2), (1000000000.0, 1.0)], [(750000000.0, 0.825), (1000000000.0, 1.0), (1500000000.0, 1.2)], [(600000000.0, 0.8), (750000000.0, 0.825), (1000000000.0, 1.0)], [(1000000000.0, 1.0), (600000000.0, 0.8), (1500000000.0, 1.2)], [(1500000000.0, 1.2), (750000000.0, 0.825), (600000000.0, 0.8)], [(1500000000.0, 1.2), (750000000.0, 0.825), (1000000000.0, 1.0)], [(750000000.0, 0.825), (1000000000.0, 1.0), (1500000000.0, 1.2)], [(1000000000.0, 1.0), (1500000000.0, 1.2), (750000000.0, 0.825)], [(1500000000.0, 1.2), (1000000000.0, 1.0), (600000000.0, 0.8)], [(1500000000.0, 1.2), (1000000000.0, 1.0), (750000000.0, 0.825)], [(600000000.0, 0.8), (750000000.0, 0.825), (1000000000.0, 1.0)]]",-1.0,"[1.6225592856306062e-09, 1.6457141778677504e-09, 1.9641649470118567e-09, 1.5973845588489626e-09, 1.6986833797837966e-09, 1.953791857322578e-09, 1.7026649172289398e-09, 1.8346877021262883e-09, 1.6403306533111023e-09, 1.7935783032830602e-09, 1.6719102962548372e-09, 1.6080522974397012e-09, 1.6424004176256966e-09, 1.9799327333763074e-09, 1.9464153217301643e-09, 1.7593443908722266e-09, 1.941870908587327e-09, 1.6755073729316073e-09, 1.6931601780960796e-09, 1.842583978896712e-09, 1.8256829902476787e-09, 1.6826271465424985e-09, 1.9412164919454394e-09, 1.971280851290734e-09, 1.9232220290579973e-09, 1.6778977759555992e-09, 1.702059793898971e-09, 1.783284705598367e-09, 1.7966862933429898e-09, 1.5221015005093282e-09, 1.7159928971749318e-09, 1.8619066355108488e-09]","[0.75, 0.65, 0.75, 0.5499999999999999, 0.5499999999999999, 0.75, 0.75, 0.75, 0.65, 0.75, 0.5499999999999999, 0.65, 0.75, 0.75, 0.5499999999999999, 0.5499999999999999, 0.65, 0.75, 0.75, 0.5499999999999999, 0.65, 0.5499999999999999, 0.65, 0.65, 0.65, 0.65, 0.75, 0.5499999999999999, 0.75, 0.5499999999999999, 0.65, 0.75]",-1.0,-1,-1,0.42725756246657276,"[1, 3, 2]",0,1,mec27
28,mec,64,"[[(1500000000.0, 1.2), (750000000.0, 0.825), (600000000.0, 0.8)], [(1000000000.0, 1.0), (1500000000.0, 1.2), (600000000.0, 0.8)], [(600000000.0, 0.8), (750000000.0, 0.825), (1000000000.0, 1.0)], [(750000000.0, 0.825), (1500000000.0, 1.2), (1000000000.0, 1.0)], [(600000000.0, 0.8), (1500000000.0, 1.2), (750000000.0, 0.825)], [(1500000000.0, 1.2), (1000000000.0, 1.0), (600000000.0, 0.8)], [(1500000000.0, 1.2), (750000000.0, 0.825), (1000000000.0, 1.0)], [(1500000000.0, 1.2), (1000000000.0, 1.0), (600000000.0, 0.8)], [(600000000.0, 0.8), (1500000000.0, 1.2), (750000000.0, 0.825)], [(1000000000.0, 1.0), (600000000.0, 0.8), (1500000000.0, 1.2)], [(600000000.0, 0.8), (1500000000.0, 1.2), (750000000.0, 0.825)], [(1500000000.0, 1.2), (1000000000.0, 1.0), (750000000.0, 0.825)], [(1500000000.0, 1.2), (750000000.0, 0.825), (600000000.0, 0.8)], [(1000000000.0, 1.0), (600000000.0, 0.8), (1500000000.0, 1.2)], [(600000000.0, 0.8), (1000000000.0, 1.0), (1500000000.0, 1.2)], [(1000000000.0, 1.0), (1500000000.0, 1.2), (750000000.0, 0.825)], [(750000000.0, 0.825), (600000000.0, 0.8), (1500000000.0, 1.2)], [(600000000.0, 0.8), (750000000.0, 0.825), (1500000000.0, 1.2)], [(1000000000.0, 1.0), (750000000.0, 0.825), (600000000.0, 0.8)], [(1500000000.0, 1.2), (750000000.0, 0.825), (600000000.0, 0.8)], [(1500000000.0, 1.2), (750000000.0, 0.825), (1000000000.0, 1.0)], [(1000000000.0, 1.0), (1500000000.0, 1.2), (750000000.0, 0.825)], [(1500000000.0, 1.2), (600000000.0, 0.8), (750000000.0, 0.825)], [(750000000.0, 0.825), (1000000000.0, 1.0), (600000000.0, 0.8)], [(750000000.0, 0.825), (1000000000.0, 1.0), (600000000.0, 0.8)], [(750000000.0, 0.825), (1500000000.0, 1.2), (600000000.0, 0.8)], [(1500000000.0, 1.2), (1000000000.0, 1.0), (750000000.0, 0.825)], [(1000000000.0, 1.0), (1500000000.0, 1.2), (600000000.0, 0.8)], [(1000000000.0, 1.0), (600000000.0, 0.8), (750000000.0, 0.825)], [(1000000000.0, 1.0), (1500000000.0, 1.2), (750000000.0, 0.825)], [(750000000.0, 0.825), (1500000000.0, 1.2), (1000000000.0, 1.0)], [(1500000000.0, 1.2), (750000000.0, 0.825), (1000000000.0, 1.0)], [(600000000.0, 0.8), (1500000000.0, 1.2), (750000000.0, 0.825)], [(1000000000.0, 1.0), (1500000000.0, 1.2), (750000000.0, 0.825)], [(1500000000.0, 1.2), (1000000000.0, 1.0), (750000000.0, 0.825)], [(600000000.0, 0.8), (1000000000.0, 1.0), (750000000.0, 0.825)], [(1000000000.0, 1.0), (600000000.0, 0.8), (1500000000.0, 1.2)], [(1500000000.0, 1.2), (750000000.0, 0.825), (1000000000.0, 1.0)], [(1000000000.0, 1.0), (1500000000.0, 1.2), (600000000.0, 0.8)], [(600000000.0, 0.8), (1500000000.0, 1.2), (1000000000.0, 1.0)], [(1000000000.0, 1.0), (600000000.0, 0.8), (1500000000.0, 1.2)], [(750000000.0, 0.825), (1500000000.0, 1.2), (600000000.0, 0.8)], [(1000000000.0, 1.0), (1500000000.0, 1.2), (750000000.0, 0.825)], [(1500000000.0, 1.2), (600000000.0, 0.8), (1000000000.0, 1.0)], [(600000000.0, 0.8), (750000000.0, 0.825), (1000000000.0, 1.0)], [(750000000.0, 0.825), (1500000000.0, 1.2), (1000000000.0, 1.0)], [(750000000.0, 0.825), (1500000000.0, 1.2), (1000000000.0, 1.0)], [(750000000.0, 0.825), (1500000000.0, 1.2), (1000000000.0, 1.0)], [(600000000.0, 0.8), (750000000.0, 0.825), (1000000000.0, 1.0)], [(1000000000.0, 1.0), (1500000000.0, 1.2), (600000000.0, 0.8)], [(1500000000.0, 1.2), (600000000.0, 0.8), (750000000.0, 0.825)], [(750000000.0, 0.825), (1000000000.0, 1.0), (600000000.0, 0.8)], [(750000000.0, 0.825), (1000000000.0, 1.0), (1500000000.0, 1.2)], [(750000000.0, 0.825), (1500000000.0, 1.2), (1000000000.0, 1.0)], [(600000000.0, 0.8), (1000000000.0, 1.0), (1500000000.0, 1.2)], [(600000000.0, 0.8), (1500000000.0, 1.2), (750000000.0, 0.825)], [(600000000.0, 0.8), (1500000000.0, 1.2), (1000000000.0, 1.0)], [(600000000.0, 0.8), (750000000.0, 0.825), (1500000000.0, 1.2)], [(600000000.0, 0.8), (1000000000.0, 1.0), (750000000.0, 0.825)], [(1500000000.0, 1.2), (750000000.0, 0.825), (600000000.0, 0.8)], [(1500000000.0, 1.2), (750000000.0, 0.825), (600000000.0, 0.8)], [(1000000000.0, 1.0), (600000000.0, 0.8), (1500000000.0, 1.2)], [(1000000000.0, 1.0), (750000000.0, 0.825), (600000000.0, 0.8)], [(750000000.0, 0.825), (600000000.0, 0.8), (1000000000.0, 1.0)]]",-1.0,"[1.940382652923682e-09, 1.5659749888479372e-09, 1.9418263378520683e-09, 1.6668048050234045e-09, 1.989551640908808e-09, 1.928411313182977e-09, 1.6407080786993533e-09, 1.5770447343112483e-09, 1.9126570689969722e-09, 1.8055773026155919e-09, 1.9466432696501743e-09, 1.9310380043728003e-09, 1.6098553564121918e-09, 1.6337758920958275e-09, 1.8659111223928154e-09, 1.8936527118752472e-09, 1.7550789012824513e-09, 1.7447615898695306e-09, 1.7411290512176627e-09, 1.901043713284942e-09, 1.6151124614146298e-09, 1.5209774626019594e-09, 1.5103307280584324e-09, 1.5586382575058534e-09, 1.7738992101867913e-09, 1.8781544398777676e-09, 1.651366484305928e-09, 1.8374654682449311e-09, 1.8091474229411203e-09, 1.6719092678043313e-09, 1.5436512982097013e-09, 1.9215412442084734e-09, 1.6916035414844663e-09, 1.5170218048285233e-09, 1.850569841381688e-09, 1.581046175897259e-09, 1.881096699012584e-09, 1.76416386369009e-09, 1.979997133794264e-09, 1.955909313669897e-09, 1.5806803269059512e-09, 1.66998633653396e-09, 1.8108131067437984e-09, 1.5524835669800759e-09, 1.6992754067575093e-09, 1.8986570712612173e-09, 1.8052315089732386e-09, 1.989039677218938e-09, 1.9607053936288652e-09, 1.618114778098104e-09, 1.9855652976748507e-09, 1.98583226338034e-09, 1.873287532361881e-09, 1.6281420115626184e-09, 1.501469170904149e-09, 1.5675308955874325e-09, 1.7117548342370489e-09, 1.6314091890047933e-09, 1.6566453133577849e-09, 1.7370955785445183e-09, 1.7379460233181598e-09, 1.7638162937940587e-09, 1.5628612680687398e-09, 1.880751477101304e-09]","[0.75, 0.75, 0.75, 0.65, 0.75, 0.75, 0.75, 0.65, 0.5499999999999999, 0.5499999999999999, 0.75, 0.65, 0.75, 0.75, 0.5499999999999999, 0.75, 0.75, 0.65, 0.5499999999999999, 0.5499999999999999, 0.65, 0.5499999999999999, 0.5499999999999999, 0.5499999999999999, 0.5499999999999999, 0.75, 0.5499999999999999, 0.75, 0.75, 0.5499999999999999, 0.75, 0.5499999999999999, 0.65, 0.65, 0.75, 0.65, 0.65, 0.65, 0.75, 0.75, 0.75, 0.75, 0.5499999999999999, 0.75, 0.65, 0.65, 0.75, 0.75, 0.75, 0.5499999999999999, 0.65, 0.5499999999999999, 0.5499999999999999, 0.5499999999999999, 0.5499999999999999, 0.5499999999999999, 0.65, 0.65, 0.75, 0.75, 0.75, 0.5499999999999999, 0.5499999999999999, 0.65]",-1.0,-1,-1,0.40357860681322516,"[4, 2, 1]",0,1,mec28
29,mec,16,"[[(750000000.0, 0.825), (600000000.0, 0.8), (1000000000.0, 1.0)], [(600000000.0, 0.8), (1000000000.0, 1.0), (750000000.0, 0.825)], [(600000000.0, 0.8), (1500000000.0, 1.2), (750000000.0, 0.825)], [(600000000.0, 0.8), (750000000.0, 0.825), (1000000000.0, 1.0)], [(600000000.0, 0.8), (1000000000.0, 1.0), (1500000000.0, 1.2)], [(600000000.0, 0.8), (1500000000.0, 1.2), (1000000000.0, 1.0)], [(1000000000.0, 1.0), (1500000000.0, 1.2), (750000000.0, 0.825)], [(600000000.0, 0.8), (1500000000.0, 1.2), (750000000.0, 0.825)], [(750000000.0, 0.825), (1000000000.0, 1.0), (1500000000.0, 1.2)], [(1000000000.0, 1.0), (750000000.0, 0.825), (1500000000.0, 1.2)], [(1500000000.0, 1.2), (600000000.0, 0.8), (1000000000.0, 1.0)], [(750000000.0, 0.825), (1500000000.0, 1.2), (600000000.0, 0.8)], [(600000000.0, 0.8), (1500000000.0, 1.2), (750000000.0, 0.825)], [(1500000000.0, 1.2), (1000000000.0, 1.0), (600000000.0, 0.8)], [(1000000000.0, 1.0), (600000000.0, 0.8), (750000000.0, 0.825)], [(1000000000.0, 1.0), (1500000000.0, 1.2), (600000000.0, 0.8)]]",-1.0,"[1.7931708122143838e-09, 1.7322348186225264e-09, 1.5277664664444828e-09, 1.6730467423645221e-09, 1.993421581287171e-09, 1.8853792414787263e-09, 1.6439778678032084e-09, 1.8418061448818033e-09, 1.8053590522059165e-09, 1.7479857794363417e-09, 1.885769288307948e-09, 1.87635489747527e-09, 1.8132016672123011e-09, 1.5511178343046785e-09, 1.733937735091717e-09, 1.8543430654276798e-09]","[0.75, 0.65, 0.75, 0.65, 0.65, 0.75, 0.75, 0.75, 0.5499999999999999, 0.75, 0.75, 0.75, 0.65, 0.5499999999999999, 0.65, 0.65]",-1.0,-1,-1,0.2864825161249444,"[4, 2, 3]",0,1,mec29
30,mec,16,"[[(1000000000.0, 1.0), (1500000000.0, 1.2), (600000000.0, 0.8)], [(1500000000.0, 1.2), (1000000000.0, 1.0), (600000000.0, 0.8)], [(1000000000.0, 1.0), (1500000000.0, 1.2), (750000000.0, 0.825)], [(1500000000.0, 1.2), (600000000.0, 0.8), (750000000.0, 0.825)], [(1000000000.0, 1.0), (600000000.0, 0.8), (1500000000.0, 1.2)], [(600000000.0, 0.8), (1500000000.0, 1.2), (750000000.0, 0.825)], [(1500000000.0, 1.2), (1000000000.0, 1.0), (600000000.0, 0.8)], [(750000000.0, 0.825), (1500000000.0, 1.2), (600000000.0, 0.8)], [(1000000000.0, 1.0), (1500000000.0, 1.2), (600000000.0, 0.8)], [(600000000.0, 0.8), (750000000.0, 0.825), (1000000000.0, 1.0)], [(1500000000.0, 1.2), (600000000.0, 0.8), (750000000.0, 0.825)], [(1000000000.0, 1.0), (1500000000.0, 1.2), (600000000.0, 0.8)], [(600000000.0, 0.8), (1000000000.0, 1.0), (1500000000.0, 1.2)], [(1000000000.0, 1.0), (750000000.0, 0.825), (1500000000.0, 1.2)], [(1000000000.0, 1.0), (1500000000.0, 1.2), (600000000.0, 0.8)], [(600000000.0, 0.8), (1000000000.0, 1.0), (750000000.0, 0.825)]]",-1.0,"[1.9343688229692537e-09, 1.981454282793605e-09, 1.644195300933372e-09, 1.9841236739148812e-09, 1.9773541050879582e-09, 1.667107578827578e-09, 1.7713891498090422e-09, 1.9931325158915107e-09, 1.6736180162757557e-09, 1.8508528837186267e-09, 1.9293192380007653e-09, 1.971518536520991e-09, 1.916465207296008e-09, 1.7992455085730355e-09, 1.920382922349782e-09, 1.7560568889771968e-09]","[0.5499999999999999, 0.65, 0.75, 0.75, 0.75, 0.5499999999999999, 0.75, 0.5499999999999999, 0.5499999999999999, 0.5499999999999999, 0.5499999999999999, 0.65, 0.5499999999999999, 0.75, 0.5499999999999999, 0.65]",-1.0,-1,-1,0.39642164139960967,"[1, 3, 2]",1,1,mec30
31,cloud,128,"[[(2800000000.0, 13.85), (3900000000.0, 24.28), (5000000000.0, 36)], [(3900000000.0, 24.28), (2800000000.0, 13.85), (5000000000.0, 36)], [(3900000000.0, 24.28), (2800000000.0, 13.85), (5000000000.0, 36)], [(5000000000.0, 36), (2800000000.0, 13.85), (3900000000.0, 24.28)], [(5000000000.0, 36), (3900000000.0, 24.28), (2800000000.0, 13.85)], [(5000000000.0, 36), (3900000000.0, 24.28), (2800000000.0, 13.85)], [(3900000000.0, 24.28), (5000000000.0, 36), (2800000000.0, 13.85)], [(3900000000.0, 24.28), (2800000000.0, 13.85), (5000000000.0, 36)], [(2800000000.0, 13.85), (3900000000.0, 24.28), (5000000000.0, 36)], [(5000000000.0, 36), (3900000000.0, 24.28), (2800000000.0, 13.85)], [(5000000000.0, 36), (2800000000.0, 13.85), (3900000000.0, 24.28)], [(2800000000.0, 13.85), (5000000000.0, 36), (3900000000.0, 24.28)], [(2800000000.0, 13.85), (5000000000.0, 36), (3900000000.0, 24.28)], [(2800000000.0, 13.85), (5000000000.0, 36), (3900000000.0, 24.28)], [(5000000000.0, 36), (3900000000.0, 24.28), (2800000000.0, 13.85)], [(2800000000.0, 13.85), (5000000000.0, 36), (3900000000.0, 24.28)], [(2800000000.0, 13.85), (5000000000.0, 36), (3900000000.0, 24.28)], [(2800000000.0, 13.85), (3900000000.0, 24.28), (5000000000.0, 36)], [(2800000000.0, 13.85), (5000000000.0, 36), (3900000000.0, 24.28)], [(5000000000.0, 36), (2800000000.0, 13.85), (3900000000.0, 24.28)], [(5000000000.0, 36), (3900000000.0, 24.28), (2800000000.0, 13.85)], [(5000000000.0, 36), (2800000000.0, 13.85), (3900000000.0, 24.28)], [(2800000000.0, 13.85), (5000000000.0, 36), (3900000000.0, 24.28)], [(5000000000.0, 36), (2800000000.0, 13.85), (3900000000.0, 24.28)], [(5000000000.0, 36), (3900000000.0, 24.28), (2800000000.0, 13.85)], [(5000000000.0, 36), (2800000000.0, 13.85), (3900000000.0, 24.28)], [(3900000000.0, 24.28), (2800000000.0, 13.85), (5000000000.0, 36)], [(3900000000.0, 24.28), (2800000000.0, 13.85), (5000000000.0, 36)], [(2800000000.0, 13.85), (5000000000.0, 36), (3900000000.0, 24.28)], [(3900000000.0, 24.28), (2800000000.0, 13.85), (5000000000.0, 36)], [(3900000000.0, 24.28), (2800000000.0, 13.85), (5000000000.0, 36)], [(5000000000.0, 36), (2800000000.0, 13.85), (3900000000.0, 24.28)], [(5000000000.0, 36), (2800000000.0, 13.85), (3900000000.0, 24.28)], [(3900000000.0, 24.28), (2800000000.0, 13.85), (5000000000.0, 36)], [(2800000000.0, 13.85), (5000000000.0, 36), (3900000000.0, 24.28)], [(5000000000.0, 36), (2800000000.0, 13.85), (3900000000.0, 24.28)], [(3900000000.0, 24.28), (2800000000.0, 13.85), (5000000000.0, 36)], [(5000000000.0, 36), (2800000000.0, 13.85), (3900000000.0, 24.28)], [(3900000000.0, 24.28), (2800000000.0, 13.85), (5000000000.0, 36)], [(3900000000.0, 24.28), (5000000000.0, 36), (2800000000.0, 13.85)], [(5000000000.0, 36), (2800000000.0, 13.85), (3900000000.0, 24.28)], [(2800000000.0, 13.85), (3900000000.0, 24.28), (5000000000.0, 36)], [(2800000000.0, 13.85), (5000000000.0, 36), (3900000000.0, 24.28)], [(5000000000.0, 36), (3900000000.0, 24.28), (2800000000.0, 13.85)], [(5000000000.0, 36), (3900000000.0, 24.28), (2800000000.0, 13.85)], [(3900000000.0, 24.28), (2800000000.0, 13.85), (5000000000.0, 36)], [(2800000000.0, 13.85), (3900000000.0, 24.28), (5000000000.0, 36)], [(5000000000.0, 36), (2800000000.0, 13.85), (3900000000.0, 24.28)], [(5000000000.0, 36), (2800000000.0, 13.85), (3900000000.0, 24.28)], [(5000000000.0, 36), (3900000000.0, 24.28), (2800000000.0, 13.85)], [(3900000000.0, 24.28), (5000000000.0, 36), (2800000000.0, 13.85)], [(2800000000.0, 13.85), (5000000000.0, 36), (3900000000.0, 24.28)], [(2800000000.0, 13.85), (5000000000.0, 36), (3900000000.0, 24.28)], [(2800000000.0, 13.85), (3900000000.0, 24.28), (5000000000.0, 36)], [(2800000000.0, 13.85), (5000000000.0, 36), (3900000000.0, 24.28)], [(3900000000.0, 24.28), (2800000000.0, 13.85), (5000000000.0, 36)], [(3900000000.0, 24.28), (2800000000.0, 13.85), (5000000000.0, 36)], [(5000000000.0, 36), (2800000000.0, 13.85), (3900000000.0, 24.28)], [(5000000000.0, 36), (2800000000.0, 13.85), (3900000000.0, 24.28)], [(5000000000.0, 36), (3900000000.0, 24.28), (2800000000.0, 13.85)], [(3900000000.0, 24.28), (5000000000.0, 36), (2800000000.0, 13.85)], [(5000000000.0, 36), (3900000000.0, 24.28), (2800000000.0, 13.85)], [(3900000000.0, 24.28), (2800000000.0, 13.85), (5000000000.0, 36)], [(2800000000.0, 13.85), (3900000000.0, 24.28), (5000000000.0, 36)], [(5000000000.0, 36), (2800000000.0, 13.85), (3900000000.0, 24.28)], [(2800000000.0, 13.85), (3900000000.0, 24.28), (5000000000.0, 36)], [(2800000000.0, 13.85), (5000000000.0, 36), (3900000000.0, 24.28)], [(3900000000.0, 24.28), (2800000000.0, 13.85), (5000000000.0, 36)], [(5000000000.0, 36), (3900000000.0, 24.28), (2800000000.0, 13.85)], [(2800000000.0, 13.85), (5000000000.0, 36), (3900000000.0, 24.28)], [(5000000000.0, 36), (2800000000.0, 13.85), (3900000000.0, 24.28)], [(3900000000.0, 24.28), (2800000000.0, 13.85), (5000000000.0, 36)], [(3900000000.0, 24.28), (5000000000.0, 36), (2800000000.0, 13.85)], [(2800000000.0, 13.85), (5000000000.0, 36), (3900000000.0, 24.28)], [(3900000000.0, 24.28), (5000000000.0, 36), (2800000000.0, 13.85)], [(5000000000.0, 36), (3900000000.0, 24.28), (2800000000.0, 13.85)], [(5000000000.0, 36), (3900000000.0, 24.28), (2800000000.0, 13.85)], [(3900000000.0, 24.28), (2800000000.0, 13.85), (5000000000.0, 36)], [(3900000000.0, 24.28), (5000000000.0, 36), (2800000000.0, 13.85)], [(5000000000.0, 36), (3900000000.0, 24.28), (2800000000.0, 13.85)], [(3900000000.0, 24.28), (5000000000.0, 36), (2800000000.0, 13.85)], [(5000000000.0, 36), (2800000000.0, 13.85), (3900000000.0, 24.28)], [(2800000000.0, 13.85), (5000000000.0, 36), (3900000000.0, 24.28)], [(2800000000.0, 13.85), (3900000000.0, 24.28), (5000000000.0, 36)], [(2800000000.0, 13.85), (3900000000.0, 24.28), (5000000000.0, 36)], [(3900000000.0, 24.28), (2800000000.0, 13.85), (5000000000.0, 36)], [(2800000000.0, 13.85), (5000000000.0, 36), (3900000000.0, 24.28)], [(2800000000.0, 13.85), (3900000000.0, 24.28), (5000000000.0, 36)], [(3900000000.0, 24.28), (5000000000.0, 36), (2800000000.0, 13.85)], [(5000000000.0, 36), (2800000000.0, 13.85), (3900000000.0, 24.28)], [(3900000000.0, 24.28), (5000000000.0, 36), (2800000000.0, 13.85)], [(3900000000.0, 24.28), (5000000000.0, 36), (2800000000.0, 13.85)], [(2800000000.0, 13.85), (5000000000.0, 36), (3900000000.0, 24.28)], [(3900000000.0, 24.28), (5000000000.0, 36), (2800000000.0, 13.85)], [(3900000000.0, 24.28), (2800000000.0, 13.85), (5000000000.0, 36)], [(3900000000.0, 24.28), (2800000000.0, 13.85), (5000000000.0, 36)], [(5000000000.0, 36), (2800000000.0, 13.85), (3900000000.0, 24.28)], [(2800000000.0, 13.85), (5000000000.0, 36), (3900000000.0, 24.28)], [(5000000000.0, 36), (3900000000.0, 24.28), (2800000000.0, 13.85)], [(2800000000.0, 13.85), (5000000000.0, 36), (3900000000.0, 24.28)], [(5000000000.0, 36), (2800000000.0, 13.85), (3900000000.0, 24.28)], [(3900000000.0, 24.28), (5000000000.0, 36), (2800000000.0, 13.85)], [(2800000000.0, 13.85), (5000000000.0, 36), (3900000000.0, 24.28)], [(3900000000.0, 24.28), (2800000000.0, 13.85), (5000000000.0, 36)], [(3900000000.0, 24.28), (5000000000.0, 36), (2800000000.0, 13.85)], [(5000000000.0, 36), (3900000000.0, 24.28), (2800000000.0, 13.85)], [(2800000000.0, 13.85), (3900000000.0, 24.28), (5000000000.0, 36)], [(5000000000.0, 36), (2800000000.0, 13.85), (3900000000.0, 24.28)], [(5000000000.0, 36), (3900000000.0, 24.28), (2800000000.0, 13.85)], [(5000000000.0, 36), (2800000000.0, 13.85), (3900000000.0, 24.28)], [(5000000000.0, 36), (3900000000.0, 24.28), (2800000000.0, 13.85)], [(5000000000.0, 36), (2800000000.0, 13.85), (3900000000.0, 24.28)], [(2800000000.0, 13.85), (5000000000.0, 36), (3900000000.0, 24.28)], [(5000000000.0, 36), (3900000000.0, 24.28), (2800000000.0, 13.85)], [(2800000000.0, 13.85), (5000000000.0, 36), (3900000000.0, 24.28)], [(3900000000.0, 24.28), (2800000000.0, 13.85), (5000000000.0, 36)], [(3900000000.0, 24.28), (5000000000.0, 36), (2800000000.0, 13.85)], [(2800000000.0, 13.85), (3900000000.0, 24.28), (5000000000.0, 36)], [(3900000000.0, 24.28), (5000000000.0, 36), (2800000000.0, 13.85)], [(3900000000.0, 24.28), (5000000000.0, 36), (2800000000.0, 13.85)], [(2800000000.0, 13.85), (3900000000.0, 24.28), (5000000000.0, 36)], [(5000000000.0, 36), (3900000000.0, 24.28), (2800000000.0, 13.85)], [(3900000000.0, 24.28), (5000000000.0, 36), (2800000000.0, 13.85)], [(5000000000.0, 36), (3900000000.0, 24.28), (2800000000.0, 13.85)], [(2800000000.0, 13.85), (3900000000.0, 24.28), (5000000000.0, 36)], [(5000000000.0, 36), (2800000000.0, 13.85), (3900000000.0, 24.28)], [(3900000000.0, 24.28), (2800000000.0, 13.85), (5000000000.0, 36)], [(3900000000.0, 24.28), (2800000000.0, 13.85), (5000000000.0, 36)]]",-1.0,"[3.863762018360715e-09, 4.256989959232886e-09, 3.862141303686454e-09, 4.390113522377806e-09, 4.719652939653017e-09, 4.282410600667475e-09, 4.227009818545502e-09, 4.982886205144897e-09, 4.9481648836659195e-09, 4.634378845833021e-09, 4.4608900459159354e-09, 3.050595954444268e-09, 4.544804634723662e-09, 3.851621673331153e-09, 4.969490554895655e-09, 3.3919923326434875e-09, 3.022871457747342e-09, 4.117369171344291e-09, 4.903001695770135e-09, 3.1807944391253083e-09, 4.8307619393404136e-09, 4.924310704703764e-09, 4.410095932662384e-09, 3.0596733505013664e-09, 4.014478645897968e-09, 3.7266152379937876e-09, 3.4182625391752586e-09, 4.3211774104805105e-09, 3.3685804003545582e-09, 3.530035666392971e-09, 4.937922029643938e-09, 3.4071824309346583e-09, 3.0338036378032077e-09, 3.5113796232007327e-09, 3.7966666127843655e-09, 4.562676343815286e-09, 4.748935241816726e-09, 4.890902969815311e-09, 4.20118007369382e-09, 4.50030649230524e-09, 4.818666570610409e-09, 3.0609931236282624e-09, 3.996817558403191e-09, 3.913282893384695e-09, 3.017475066112e-09, 4.2214880769928715e-09, 3.2963796521131793e-09, 4.421060135028409e-09, 4.904549736671134e-09, 3.189595292680393e-09, 3.6791650855630037e-09, 3.598938970531564e-09, 4.754595340768232e-09, 4.6256875543849655e-09, 3.856614065240702e-09, 4.105165185595853e-09, 3.808325182642481e-09, 3.747721219623752e-09, 4.084363971288276e-09, 4.126108757298083e-09, 3.718318723827171e-09, 3.4950285972252967e-09, 3.214338284671892e-09, 3.1316016991897844e-09, 3.359847413993684e-09, 3.6092436826485745e-09, 4.1273092904768504e-09, 4.1675617133324365e-09, 4.075139532800105e-09, 3.3275757156120535e-09, 3.477855666919474e-09, 3.2025908380235882e-09, 3.966936347278707e-09, 3.9177460254784235e-09, 4.404072305097811e-09, 3.326789775732136e-09, 4.620605541809542e-09, 3.668407231039045e-09, 4.954319742241432e-09, 3.5342913214895354e-09, 3.604765633292869e-09, 3.5237129650257525e-09, 3.808287203251596e-09, 4.656330179193724e-09, 4.9632659080865804e-09, 4.242883305150149e-09, 3.250865881379343e-09, 3.7631562549274956e-09, 4.7198177142694264e-09, 3.474509687377933e-09, 3.102458813697795e-09, 3.534351768276615e-09, 4.604548057011358e-09, 4.53321990938743e-09, 4.863081420969477e-09, 3.219306923052362e-09, 4.9626823256154765e-09, 4.7306507468985515e-09, 3.1707196620014567e-09, 4.543783378446991e-09, 4.7351554536448165e-09, 4.4069901294065515e-09, 3.860772399313685e-09, 3.013091065603062e-09, 3.2093433318340535e-09, 4.6127608984209416e-09, 4.67455680830842e-09, 3.6798751911855076e-09, 3.632955374257355e-09, 4.123759227041054e-09, 4.657134718109057e-09, 4.386819913769536e-09, 3.113378977740757e-09, 3.4217749419975745e-09, 4.795295044068159e-09, 3.4356511373415374e-09, 4.036622418917921e-09, 4.170515741737347e-09, 3.2109544237423647e-09, 3.2613447109764325e-09, 3.1253335824288904e-09, 4.934178892180991e-09, 3.183831209846087e-09, 3.644301146156841e-09, 4.881831320690111e-09, 4.4751418920493725e-09, 4.162628642853208e-09, 4.567148109977895e-09]","[0.0, 0.0, 0.0, 0.0, 0.0, 0.0, 0.0, 0.0, 0.0, 0.0, 0.0, 0.0, 0.0, 0.0, 0.0, 0.0, 0.0, 0.0, 0.0, 0.0, 0.0, 0.0, 0.0, 0.0, 0.0, 0.0, 0.0, 0.0, 0.0, 0.0, 0.0, 0.0, 0.0, 0.0, 0.0, 0.0, 0.0, 0.0, 0.0, 0.0, 0.0, 0.0, 0.0, 0.0, 0.0, 0.0, 0.0, 0.0, 0.0, 0.0, 0.0, 0.0, 0.0, 0.0, 0.0, 0.0, 0.0, 0.0, 0.0, 0.0, 0.0, 0.0, 0.0, 0.0, 0.0, 0.0, 0.0, 0.0, 0.0, 0.0, 0.0, 0.0, 0.0, 0.0, 0.0, 0.0, 0.0, 0.0, 0.0, 0.0, 0.0, 0.0, 0.0, 0.0, 0.0, 0.0, 0.0, 0.0, 0.0, 0.0, 0.0, 0.0, 0.0, 0.0, 0.0, 0.0, 0.0, 0.0, 0.0, 0.0, 0.0, 0.0, 0.0, 0.0, 0.0, 0.0, 0.0, 0.0, 0.0, 0.0, 0.0, 0.0, 0.0, 0.0, 0.0, 0.0, 0.0, 0.0, 0.0, 0.0, 0.0, 0.0, 0.0, 0.0, 0.0, 0.0, 0.0, 0.0]",-1.0,-1,-1,0.12311228855732309,"[1, 2, 3, 4]",0,1,cloud31
